STRUCTURE,STRUCTURE_ID,STRUCTURE_NAME,freq,Time frequency,projection,Type of projection,age,Age class,sex,Sex,unit,Unit of measure,geo,Geopolitical entity (reporting),TIME_PERIOD,Time,OBS_VALUE,Observation value,OBS_FLAG,Observation status (Flag) V2 structure,CONF_STATUS,Confidentiality status (flag)
dataflow,ESTAT:PROJ_19RP3(1.0),"Population on 1st January by age, sex, type of projection and NUTS 3 region",A,Annual,BSL,Baseline projections,TOTAL,Total,T,Total,PER,Person,PT111,Alto Minho,2019,,230954,,,,,
dataflow,ESTAT:PROJ_19RP3(1.0),"Population on 1st January by age, sex, type of projection and NUTS 3 region",A,Annual,BSL,Baseline projections,TOTAL,Total,T,Total,PER,Person,PT111,Alto Minho,2020,,230742,,,,,
dataflow,ESTAT:PROJ_19RP3(1.0),"Population on 1st January by age, sex, type of projection and NUTS 3 region",A,Annual,BSL,Baseline projections,TOTAL,Total,T,Total,PER,Person,PT111,Alto Minho,2025,,225451,,,,,
dataflow,ESTAT:PROJ_19RP3(1.0),"Population on 1st January by age, sex, type of projection and NUTS 3 region",A,Annual,BSL,Baseline projections,TOTAL,Total,T,Total,PER,Person,PT111,Alto Minho,2030,,219045,,,,,
dataflow,ESTAT:PROJ_19RP3(1.0),"Population on 1st January by age, sex, type of projection and NUTS 3 region",A,Annual,BSL,Baseline projections,TOTAL,Total,T,Total,PER,Person,PT111,Alto Minho,2035,,213073,,,,,
dataflow,ESTAT:PROJ_19RP3(1.0),"Population on 1st January by age, sex, type of projection and NUTS 3 region",A,Annual,BSL,Baseline projections,TOTAL,Total,T,Total,PER,Person,PT111,Alto Minho,2040,,207018,,,,,
dataflow,ESTAT:PROJ_19RP3(1.0),"Population on 1st January by age, sex, type of projection and NUTS 3 region",A,Annual,BSL,Baseline projections,TOTAL,Total,T,Total,PER,Person,PT111,Alto Minho,2045,,200404,,,,,
dataflow,ESTAT:PROJ_19RP3(1.0),"Population on 1st January by age, sex, type of projection and NUTS 3 region",A,Annual,BSL,Baseline projections,TOTAL,Total,T,Total,PER,Person,PT111,Alto Minho,2050,,193268,,,,,
dataflow,ESTAT:PROJ_19RP3(1.0),"Population on 1st January by age, sex, type of projection and NUTS 3 region",A,Annual,BSL,Baseline projections,TOTAL,Total,T,Total,PER,Person,PT111,Alto Minho,2055,,186132,,,,,
dataflow,ESTAT:PROJ_19RP3(1.0),"Population on 1st January by age, sex, type of projection and NUTS 3 region",A,Annual,BSL,Baseline projections,TOTAL,Total,T,Total,PER,Person,PT111,Alto Minho,2060,,179318,,,,,
dataflow,ESTAT:PROJ_19RP3(1.0),"Population on 1st January by age, sex, type of projection and NUTS 3 region",A,Annual,BSL,Baseline projections,TOTAL,Total,T,Total,PER,Person,PT111,Alto Minho,2065,,172989,,,,,
dataflow,ESTAT:PROJ_19RP3(1.0),"Population on 1st January by age, sex, type of projection and NUTS 3 region",A,Annual,BSL,Baseline projections,TOTAL,Total,T,Total,PER,Person,PT111,Alto Minho,2070,,167171,,,,,
dataflow,ESTAT:PROJ_19RP3(1.0),"Population on 1st January by age, sex, type of projection and NUTS 3 region",A,Annual,BSL,Baseline projections,TOTAL,Total,T,Total,PER,Person,PT111,Alto Minho,2075,,162050,,,,,
dataflow,ESTAT:PROJ_19RP3(1.0),"Population on 1st January by age, sex, type of projection and NUTS 3 region",A,Annual,BSL,Baseline projections,TOTAL,Total,T,Total,PER,Person,PT111,Alto Minho,2080,,157805,,,,,
dataflow,ESTAT:PROJ_19RP3(1.0),"Population on 1st January by age, sex, type of projection and NUTS 3 region",A,Annual,BSL,Baseline projections,TOTAL,Total,T,Total,PER,Person,PT111,Alto Minho,2085,,154342,,,,,
dataflow,ESTAT:PROJ_19RP3(1.0),"Population on 1st January by age, sex, type of projection and NUTS 3 region",A,Annual,BSL,Baseline projections,TOTAL,Total,T,Total,PER,Person,PT111,Alto Minho,2090,,151460,,,,,
dataflow,ESTAT:PROJ_19RP3(1.0),"Population on 1st January by age, sex, type of projection and NUTS 3 region",A,Annual,BSL,Baseline projections,TOTAL,Total,T,Total,PER,Person,PT111,Alto Minho,2095,,149088,,,,,
dataflow,ESTAT:PROJ_19RP3(1.0),"Population on 1st January by age, sex, type of projection and NUTS 3 region",A,Annual,BSL,Baseline projections,TOTAL,Total,T,Total,PER,Person,PT111,Alto Minho,2100,,147263,,,,,
dataflow,ESTAT:PROJ_19RP3(1.0),"Population on 1st January by age, sex, type of projection and NUTS 3 region",A,Annual,BSL,Baseline projections,TOTAL,Total,T,Total,PER,Person,PT112,Cávado,2019,,403891,,,,,
dataflow,ESTAT:PROJ_19RP3(1.0),"Population on 1st January by age, sex, type of projection and NUTS 3 region",A,Annual,BSL,Baseline projections,TOTAL,Total,T,Total,PER,Person,PT112,Cávado,2020,,404741,,,,,
dataflow,ESTAT:PROJ_19RP3(1.0),"Population on 1st January by age, sex, type of projection and NUTS 3 region",A,Annual,BSL,Baseline projections,TOTAL,Total,T,Total,PER,Person,PT112,Cávado,2025,,403433,,,,,
dataflow,ESTAT:PROJ_19RP3(1.0),"Population on 1st January by age, sex, type of projection and NUTS 3 region",A,Annual,BSL,Baseline projections,TOTAL,Total,T,Total,PER,Person,PT112,Cávado,2030,,399578,,,,,
dataflow,ESTAT:PROJ_19RP3(1.0),"Population on 1st January by age, sex, type of projection and NUTS 3 region",A,Annual,BSL,Baseline projections,TOTAL,Total,T,Total,PER,Person,PT112,Cávado,2035,,394623,,,,,
dataflow,ESTAT:PROJ_19RP3(1.0),"Population on 1st January by age, sex, type of projection and NUTS 3 region",A,Annual,BSL,Baseline projections,TOTAL,Total,T,Total,PER,Person,PT112,Cávado,2040,,387335,,,,,
dataflow,ESTAT:PROJ_19RP3(1.0),"Population on 1st January by age, sex, type of projection and NUTS 3 region",A,Annual,BSL,Baseline projections,TOTAL,Total,T,Total,PER,Person,PT112,Cávado,2045,,377125,,,,,
dataflow,ESTAT:PROJ_19RP3(1.0),"Population on 1st January by age, sex, type of projection and NUTS 3 region",A,Annual,BSL,Baseline projections,TOTAL,Total,T,Total,PER,Person,PT112,Cávado,2050,,364694,,,,,
dataflow,ESTAT:PROJ_19RP3(1.0),"Population on 1st January by age, sex, type of projection and NUTS 3 region",A,Annual,BSL,Baseline projections,TOTAL,Total,T,Total,PER,Person,PT112,Cávado,2055,,351077,,,,,
dataflow,ESTAT:PROJ_19RP3(1.0),"Population on 1st January by age, sex, type of projection and NUTS 3 region",A,Annual,BSL,Baseline projections,TOTAL,Total,T,Total,PER,Person,PT112,Cávado,2060,,337098,,,,,
dataflow,ESTAT:PROJ_19RP3(1.0),"Population on 1st January by age, sex, type of projection and NUTS 3 region",A,Annual,BSL,Baseline projections,TOTAL,Total,T,Total,PER,Person,PT112,Cávado,2065,,323290,,,,,
dataflow,ESTAT:PROJ_19RP3(1.0),"Population on 1st January by age, sex, type of projection and NUTS 3 region",A,Annual,BSL,Baseline projections,TOTAL,Total,T,Total,PER,Person,PT112,Cávado,2070,,310222,,,,,
dataflow,ESTAT:PROJ_19RP3(1.0),"Population on 1st January by age, sex, type of projection and NUTS 3 region",A,Annual,BSL,Baseline projections,TOTAL,Total,T,Total,PER,Person,PT112,Cávado,2075,,298695,,,,,
dataflow,ESTAT:PROJ_19RP3(1.0),"Population on 1st January by age, sex, type of projection and NUTS 3 region",A,Annual,BSL,Baseline projections,TOTAL,Total,T,Total,PER,Person,PT112,Cávado,2080,,289032,,,,,
dataflow,ESTAT:PROJ_19RP3(1.0),"Population on 1st January by age, sex, type of projection and NUTS 3 region",A,Annual,BSL,Baseline projections,TOTAL,Total,T,Total,PER,Person,PT112,Cávado,2085,,280942,,,,,
dataflow,ESTAT:PROJ_19RP3(1.0),"Population on 1st January by age, sex, type of projection and NUTS 3 region",A,Annual,BSL,Baseline projections,TOTAL,Total,T,Total,PER,Person,PT112,Cávado,2090,,274124,,,,,
dataflow,ESTAT:PROJ_19RP3(1.0),"Population on 1st January by age, sex, type of projection and NUTS 3 region",A,Annual,BSL,Baseline projections,TOTAL,Total,T,Total,PER,Person,PT112,Cávado,2095,,268413,,,,,
dataflow,ESTAT:PROJ_19RP3(1.0),"Population on 1st January by age, sex, type of projection and NUTS 3 region",A,Annual,BSL,Baseline projections,TOTAL,Total,T,Total,PER,Person,PT112,Cávado,2100,,263837,,,,,
dataflow,ESTAT:PROJ_19RP3(1.0),"Population on 1st January by age, sex, type of projection and NUTS 3 region",A,Annual,BSL,Baseline projections,TOTAL,Total,T,Total,PER,Person,PT119,Ave,2019,,412669,,,,,
dataflow,ESTAT:PROJ_19RP3(1.0),"Population on 1st January by age, sex, type of projection and NUTS 3 region",A,Annual,BSL,Baseline projections,TOTAL,Total,T,Total,PER,Person,PT119,Ave,2020,,412327,,,,,
dataflow,ESTAT:PROJ_19RP3(1.0),"Population on 1st January by age, sex, type of projection and NUTS 3 region",A,Annual,BSL,Baseline projections,TOTAL,Total,T,Total,PER,Person,PT119,Ave,2025,,405919,,,,,
dataflow,ESTAT:PROJ_19RP3(1.0),"Population on 1st January by age, sex, type of projection and NUTS 3 region",A,Annual,BSL,Baseline projections,TOTAL,Total,T,Total,PER,Person,PT119,Ave,2030,,397450,,,,,
dataflow,ESTAT:PROJ_19RP3(1.0),"Population on 1st January by age, sex, type of projection and NUTS 3 region",A,Annual,BSL,Baseline projections,TOTAL,Total,T,Total,PER,Person,PT119,Ave,2035,,387977,,,,,
dataflow,ESTAT:PROJ_19RP3(1.0),"Population on 1st January by age, sex, type of projection and NUTS 3 region",A,Annual,BSL,Baseline projections,TOTAL,Total,T,Total,PER,Person,PT119,Ave,2040,,376263,,,,,
dataflow,ESTAT:PROJ_19RP3(1.0),"Population on 1st January by age, sex, type of projection and NUTS 3 region",A,Annual,BSL,Baseline projections,TOTAL,Total,T,Total,PER,Person,PT119,Ave,2045,,361742,,,,,
dataflow,ESTAT:PROJ_19RP3(1.0),"Population on 1st January by age, sex, type of projection and NUTS 3 region",A,Annual,BSL,Baseline projections,TOTAL,Total,T,Total,PER,Person,PT119,Ave,2050,,345297,,,,,
dataflow,ESTAT:PROJ_19RP3(1.0),"Population on 1st January by age, sex, type of projection and NUTS 3 region",A,Annual,BSL,Baseline projections,TOTAL,Total,T,Total,PER,Person,PT119,Ave,2055,,328092,,,,,
dataflow,ESTAT:PROJ_19RP3(1.0),"Population on 1st January by age, sex, type of projection and NUTS 3 region",A,Annual,BSL,Baseline projections,TOTAL,Total,T,Total,PER,Person,PT119,Ave,2060,,311024,,,,,
dataflow,ESTAT:PROJ_19RP3(1.0),"Population on 1st January by age, sex, type of projection and NUTS 3 region",A,Annual,BSL,Baseline projections,TOTAL,Total,T,Total,PER,Person,PT119,Ave,2065,,294893,,,,,
dataflow,ESTAT:PROJ_19RP3(1.0),"Population on 1st January by age, sex, type of projection and NUTS 3 region",A,Annual,BSL,Baseline projections,TOTAL,Total,T,Total,PER,Person,PT119,Ave,2070,,280247,,,,,
dataflow,ESTAT:PROJ_19RP3(1.0),"Population on 1st January by age, sex, type of projection and NUTS 3 region",A,Annual,BSL,Baseline projections,TOTAL,Total,T,Total,PER,Person,PT119,Ave,2075,,267489,,,,,
dataflow,ESTAT:PROJ_19RP3(1.0),"Population on 1st January by age, sex, type of projection and NUTS 3 region",A,Annual,BSL,Baseline projections,TOTAL,Total,T,Total,PER,Person,PT119,Ave,2080,,256630,,,,,
dataflow,ESTAT:PROJ_19RP3(1.0),"Population on 1st January by age, sex, type of projection and NUTS 3 region",A,Annual,BSL,Baseline projections,TOTAL,Total,T,Total,PER,Person,PT119,Ave,2085,,247354,,,,,
dataflow,ESTAT:PROJ_19RP3(1.0),"Population on 1st January by age, sex, type of projection and NUTS 3 region",A,Annual,BSL,Baseline projections,TOTAL,Total,T,Total,PER,Person,PT119,Ave,2090,,239311,,,,,
dataflow,ESTAT:PROJ_19RP3(1.0),"Population on 1st January by age, sex, type of projection and NUTS 3 region",A,Annual,BSL,Baseline projections,TOTAL,Total,T,Total,PER,Person,PT119,Ave,2095,,232377,,,,,
dataflow,ESTAT:PROJ_19RP3(1.0),"Population on 1st January by age, sex, type of projection and NUTS 3 region",A,Annual,BSL,Baseline projections,TOTAL,Total,T,Total,PER,Person,PT119,Ave,2100,,226706,,,,,
dataflow,ESTAT:PROJ_19RP3(1.0),"Population on 1st January by age, sex, type of projection and NUTS 3 region",A,Annual,BSL,Baseline projections,TOTAL,Total,T,Total,PER,Person,PT11A,Área Metropolitana do Porto,2019,,1722374,,,,,
dataflow,ESTAT:PROJ_19RP3(1.0),"Population on 1st January by age, sex, type of projection and NUTS 3 region",A,Annual,BSL,Baseline projections,TOTAL,Total,T,Total,PER,Person,PT11A,Área Metropolitana do Porto,2020,,1723588,,,,,
dataflow,ESTAT:PROJ_19RP3(1.0),"Population on 1st January by age, sex, type of projection and NUTS 3 region",A,Annual,BSL,Baseline projections,TOTAL,Total,T,Total,PER,Person,PT11A,Área Metropolitana do Porto,2025,,1708336,,,,,
dataflow,ESTAT:PROJ_19RP3(1.0),"Population on 1st January by age, sex, type of projection and NUTS 3 region",A,Annual,BSL,Baseline projections,TOTAL,Total,T,Total,PER,Person,PT11A,Área Metropolitana do Porto,2030,,1681021,,,,,
dataflow,ESTAT:PROJ_19RP3(1.0),"Population on 1st January by age, sex, type of projection and NUTS 3 region",A,Annual,BSL,Baseline projections,TOTAL,Total,T,Total,PER,Person,PT11A,Área Metropolitana do Porto,2035,,1648307,,,,,
dataflow,ESTAT:PROJ_19RP3(1.0),"Population on 1st January by age, sex, type of projection and NUTS 3 region",A,Annual,BSL,Baseline projections,TOTAL,Total,T,Total,PER,Person,PT11A,Área Metropolitana do Porto,2040,,1607942,,,,,
dataflow,ESTAT:PROJ_19RP3(1.0),"Population on 1st January by age, sex, type of projection and NUTS 3 region",A,Annual,BSL,Baseline projections,TOTAL,Total,T,Total,PER,Person,PT11A,Área Metropolitana do Porto,2045,,1559361,,,,,
dataflow,ESTAT:PROJ_19RP3(1.0),"Population on 1st January by age, sex, type of projection and NUTS 3 region",A,Annual,BSL,Baseline projections,TOTAL,Total,T,Total,PER,Person,PT11A,Área Metropolitana do Porto,2050,,1504998,,,,,
dataflow,ESTAT:PROJ_19RP3(1.0),"Population on 1st January by age, sex, type of projection and NUTS 3 region",A,Annual,BSL,Baseline projections,TOTAL,Total,T,Total,PER,Person,PT11A,Área Metropolitana do Porto,2055,,1447595,,,,,
dataflow,ESTAT:PROJ_19RP3(1.0),"Population on 1st January by age, sex, type of projection and NUTS 3 region",A,Annual,BSL,Baseline projections,TOTAL,Total,T,Total,PER,Person,PT11A,Área Metropolitana do Porto,2060,,1389834,,,,,
dataflow,ESTAT:PROJ_19RP3(1.0),"Population on 1st January by age, sex, type of projection and NUTS 3 region",A,Annual,BSL,Baseline projections,TOTAL,Total,T,Total,PER,Person,PT11A,Área Metropolitana do Porto,2065,,1334259,,,,,
dataflow,ESTAT:PROJ_19RP3(1.0),"Population on 1st January by age, sex, type of projection and NUTS 3 region",A,Annual,BSL,Baseline projections,TOTAL,Total,T,Total,PER,Person,PT11A,Área Metropolitana do Porto,2070,,1283069,,,,,
dataflow,ESTAT:PROJ_19RP3(1.0),"Population on 1st January by age, sex, type of projection and NUTS 3 region",A,Annual,BSL,Baseline projections,TOTAL,Total,T,Total,PER,Person,PT11A,Área Metropolitana do Porto,2075,,1238684,,,,,
dataflow,ESTAT:PROJ_19RP3(1.0),"Population on 1st January by age, sex, type of projection and NUTS 3 region",A,Annual,BSL,Baseline projections,TOTAL,Total,T,Total,PER,Person,PT11A,Área Metropolitana do Porto,2080,,1202219,,,,,
dataflow,ESTAT:PROJ_19RP3(1.0),"Population on 1st January by age, sex, type of projection and NUTS 3 region",A,Annual,BSL,Baseline projections,TOTAL,Total,T,Total,PER,Person,PT11A,Área Metropolitana do Porto,2085,,1172241,,,,,
dataflow,ESTAT:PROJ_19RP3(1.0),"Population on 1st January by age, sex, type of projection and NUTS 3 region",A,Annual,BSL,Baseline projections,TOTAL,Total,T,Total,PER,Person,PT11A,Área Metropolitana do Porto,2090,,1146325,,,,,
dataflow,ESTAT:PROJ_19RP3(1.0),"Population on 1st January by age, sex, type of projection and NUTS 3 region",A,Annual,BSL,Baseline projections,TOTAL,Total,T,Total,PER,Person,PT11A,Área Metropolitana do Porto,2095,,1123343,,,,,
dataflow,ESTAT:PROJ_19RP3(1.0),"Population on 1st January by age, sex, type of projection and NUTS 3 region",A,Annual,BSL,Baseline projections,TOTAL,Total,T,Total,PER,Person,PT11A,Área Metropolitana do Porto,2100,,1103722,,,,,
dataflow,ESTAT:PROJ_19RP3(1.0),"Population on 1st January by age, sex, type of projection and NUTS 3 region",A,Annual,BSL,Baseline projections,TOTAL,Total,T,Total,PER,Person,PT11B,Alto Tâmega e Barroso,2019,,86466,,,,,
dataflow,ESTAT:PROJ_19RP3(1.0),"Population on 1st January by age, sex, type of projection and NUTS 3 region",A,Annual,BSL,Baseline projections,TOTAL,Total,T,Total,PER,Person,PT11B,Alto Tâmega e Barroso,2020,,86171,,,,,
dataflow,ESTAT:PROJ_19RP3(1.0),"Population on 1st January by age, sex, type of projection and NUTS 3 region",A,Annual,BSL,Baseline projections,TOTAL,Total,T,Total,PER,Person,PT11B,Alto Tâmega e Barroso,2025,,82986,,,,,
dataflow,ESTAT:PROJ_19RP3(1.0),"Population on 1st January by age, sex, type of projection and NUTS 3 region",A,Annual,BSL,Baseline projections,TOTAL,Total,T,Total,PER,Person,PT11B,Alto Tâmega e Barroso,2030,,79433,,,,,
dataflow,ESTAT:PROJ_19RP3(1.0),"Population on 1st January by age, sex, type of projection and NUTS 3 region",A,Annual,BSL,Baseline projections,TOTAL,Total,T,Total,PER,Person,PT11B,Alto Tâmega e Barroso,2035,,76147,,,,,
dataflow,ESTAT:PROJ_19RP3(1.0),"Population on 1st January by age, sex, type of projection and NUTS 3 region",A,Annual,BSL,Baseline projections,TOTAL,Total,T,Total,PER,Person,PT11B,Alto Tâmega e Barroso,2040,,72924,,,,,
dataflow,ESTAT:PROJ_19RP3(1.0),"Population on 1st January by age, sex, type of projection and NUTS 3 region",A,Annual,BSL,Baseline projections,TOTAL,Total,T,Total,PER,Person,PT11B,Alto Tâmega e Barroso,2045,,69652,,,,,
dataflow,ESTAT:PROJ_19RP3(1.0),"Population on 1st January by age, sex, type of projection and NUTS 3 region",A,Annual,BSL,Baseline projections,TOTAL,Total,T,Total,PER,Person,PT11B,Alto Tâmega e Barroso,2050,,66415,,,,,
dataflow,ESTAT:PROJ_19RP3(1.0),"Population on 1st January by age, sex, type of projection and NUTS 3 region",A,Annual,BSL,Baseline projections,TOTAL,Total,T,Total,PER,Person,PT11B,Alto Tâmega e Barroso,2055,,63455,,,,,
dataflow,ESTAT:PROJ_19RP3(1.0),"Population on 1st January by age, sex, type of projection and NUTS 3 region",A,Annual,BSL,Baseline projections,TOTAL,Total,T,Total,PER,Person,PT11B,Alto Tâmega e Barroso,2060,,60841,,,,,
dataflow,ESTAT:PROJ_19RP3(1.0),"Population on 1st January by age, sex, type of projection and NUTS 3 region",A,Annual,BSL,Baseline projections,TOTAL,Total,T,Total,PER,Person,PT11B,Alto Tâmega e Barroso,2065,,58580,,,,,
dataflow,ESTAT:PROJ_19RP3(1.0),"Population on 1st January by age, sex, type of projection and NUTS 3 region",A,Annual,BSL,Baseline projections,TOTAL,Total,T,Total,PER,Person,PT11B,Alto Tâmega e Barroso,2070,,56641,,,,,
dataflow,ESTAT:PROJ_19RP3(1.0),"Population on 1st January by age, sex, type of projection and NUTS 3 region",A,Annual,BSL,Baseline projections,TOTAL,Total,T,Total,PER,Person,PT11B,Alto Tâmega e Barroso,2075,,54881,,,,,
dataflow,ESTAT:PROJ_19RP3(1.0),"Population on 1st January by age, sex, type of projection and NUTS 3 region",A,Annual,BSL,Baseline projections,TOTAL,Total,T,Total,PER,Person,PT11B,Alto Tâmega e Barroso,2080,,53246,,,,,
dataflow,ESTAT:PROJ_19RP3(1.0),"Population on 1st January by age, sex, type of projection and NUTS 3 region",A,Annual,BSL,Baseline projections,TOTAL,Total,T,Total,PER,Person,PT11B,Alto Tâmega e Barroso,2085,,51723,,,,,
dataflow,ESTAT:PROJ_19RP3(1.0),"Population on 1st January by age, sex, type of projection and NUTS 3 region",A,Annual,BSL,Baseline projections,TOTAL,Total,T,Total,PER,Person,PT11B,Alto Tâmega e Barroso,2090,,50309,,,,,
dataflow,ESTAT:PROJ_19RP3(1.0),"Population on 1st January by age, sex, type of projection and NUTS 3 region",A,Annual,BSL,Baseline projections,TOTAL,Total,T,Total,PER,Person,PT11B,Alto Tâmega e Barroso,2095,,49101,,,,,
dataflow,ESTAT:PROJ_19RP3(1.0),"Population on 1st January by age, sex, type of projection and NUTS 3 region",A,Annual,BSL,Baseline projections,TOTAL,Total,T,Total,PER,Person,PT11B,Alto Tâmega e Barroso,2100,,48153,,,,,
dataflow,ESTAT:PROJ_19RP3(1.0),"Population on 1st January by age, sex, type of projection and NUTS 3 region",A,Annual,BSL,Baseline projections,TOTAL,Total,T,Total,PER,Person,PT11C,Tâmega e Sousa,2019,,417268,,,,,
dataflow,ESTAT:PROJ_19RP3(1.0),"Population on 1st January by age, sex, type of projection and NUTS 3 region",A,Annual,BSL,Baseline projections,TOTAL,Total,T,Total,PER,Person,PT11C,Tâmega e Sousa,2020,,416465,,,,,
dataflow,ESTAT:PROJ_19RP3(1.0),"Population on 1st January by age, sex, type of projection and NUTS 3 region",A,Annual,BSL,Baseline projections,TOTAL,Total,T,Total,PER,Person,PT11C,Tâmega e Sousa,2025,,408857,,,,,
dataflow,ESTAT:PROJ_19RP3(1.0),"Population on 1st January by age, sex, type of projection and NUTS 3 region",A,Annual,BSL,Baseline projections,TOTAL,Total,T,Total,PER,Person,PT11C,Tâmega e Sousa,2030,,400184,,,,,
dataflow,ESTAT:PROJ_19RP3(1.0),"Population on 1st January by age, sex, type of projection and NUTS 3 region",A,Annual,BSL,Baseline projections,TOTAL,Total,T,Total,PER,Person,PT11C,Tâmega e Sousa,2035,,390846,,,,,
dataflow,ESTAT:PROJ_19RP3(1.0),"Population on 1st January by age, sex, type of projection and NUTS 3 region",A,Annual,BSL,Baseline projections,TOTAL,Total,T,Total,PER,Person,PT11C,Tâmega e Sousa,2040,,379469,,,,,
dataflow,ESTAT:PROJ_19RP3(1.0),"Population on 1st January by age, sex, type of projection and NUTS 3 region",A,Annual,BSL,Baseline projections,TOTAL,Total,T,Total,PER,Person,PT11C,Tâmega e Sousa,2045,,365335,,,,,
dataflow,ESTAT:PROJ_19RP3(1.0),"Population on 1st January by age, sex, type of projection and NUTS 3 region",A,Annual,BSL,Baseline projections,TOTAL,Total,T,Total,PER,Person,PT11C,Tâmega e Sousa,2050,,348949,,,,,
dataflow,ESTAT:PROJ_19RP3(1.0),"Population on 1st January by age, sex, type of projection and NUTS 3 region",A,Annual,BSL,Baseline projections,TOTAL,Total,T,Total,PER,Person,PT11C,Tâmega e Sousa,2055,,331476,,,,,
dataflow,ESTAT:PROJ_19RP3(1.0),"Population on 1st January by age, sex, type of projection and NUTS 3 region",A,Annual,BSL,Baseline projections,TOTAL,Total,T,Total,PER,Person,PT11C,Tâmega e Sousa,2060,,314197,,,,,
dataflow,ESTAT:PROJ_19RP3(1.0),"Population on 1st January by age, sex, type of projection and NUTS 3 region",A,Annual,BSL,Baseline projections,TOTAL,Total,T,Total,PER,Person,PT11C,Tâmega e Sousa,2065,,297978,,,,,
dataflow,ESTAT:PROJ_19RP3(1.0),"Population on 1st January by age, sex, type of projection and NUTS 3 region",A,Annual,BSL,Baseline projections,TOTAL,Total,T,Total,PER,Person,PT11C,Tâmega e Sousa,2070,,283238,,,,,
dataflow,ESTAT:PROJ_19RP3(1.0),"Population on 1st January by age, sex, type of projection and NUTS 3 region",A,Annual,BSL,Baseline projections,TOTAL,Total,T,Total,PER,Person,PT11C,Tâmega e Sousa,2075,,270118,,,,,
dataflow,ESTAT:PROJ_19RP3(1.0),"Population on 1st January by age, sex, type of projection and NUTS 3 region",A,Annual,BSL,Baseline projections,TOTAL,Total,T,Total,PER,Person,PT11C,Tâmega e Sousa,2080,,258502,,,,,
dataflow,ESTAT:PROJ_19RP3(1.0),"Population on 1st January by age, sex, type of projection and NUTS 3 region",A,Annual,BSL,Baseline projections,TOTAL,Total,T,Total,PER,Person,PT11C,Tâmega e Sousa,2085,,248047,,,,,
dataflow,ESTAT:PROJ_19RP3(1.0),"Population on 1st January by age, sex, type of projection and NUTS 3 region",A,Annual,BSL,Baseline projections,TOTAL,Total,T,Total,PER,Person,PT11C,Tâmega e Sousa,2090,,238499,,,,,
dataflow,ESTAT:PROJ_19RP3(1.0),"Population on 1st January by age, sex, type of projection and NUTS 3 region",A,Annual,BSL,Baseline projections,TOTAL,Total,T,Total,PER,Person,PT11C,Tâmega e Sousa,2095,,230058,,,,,
dataflow,ESTAT:PROJ_19RP3(1.0),"Population on 1st January by age, sex, type of projection and NUTS 3 region",A,Annual,BSL,Baseline projections,TOTAL,Total,T,Total,PER,Person,PT11C,Tâmega e Sousa,2100,,222973,,,,,
dataflow,ESTAT:PROJ_19RP3(1.0),"Population on 1st January by age, sex, type of projection and NUTS 3 region",A,Annual,BSL,Baseline projections,TOTAL,Total,T,Total,PER,Person,PT11D,Douro,2019,,191101,,,,,
dataflow,ESTAT:PROJ_19RP3(1.0),"Population on 1st January by age, sex, type of projection and NUTS 3 region",A,Annual,BSL,Baseline projections,TOTAL,Total,T,Total,PER,Person,PT11D,Douro,2020,,190496,,,,,
dataflow,ESTAT:PROJ_19RP3(1.0),"Population on 1st January by age, sex, type of projection and NUTS 3 region",A,Annual,BSL,Baseline projections,TOTAL,Total,T,Total,PER,Person,PT11D,Douro,2025,,184836,,,,,
dataflow,ESTAT:PROJ_19RP3(1.0),"Population on 1st January by age, sex, type of projection and NUTS 3 region",A,Annual,BSL,Baseline projections,TOTAL,Total,T,Total,PER,Person,PT11D,Douro,2030,,178678,,,,,
dataflow,ESTAT:PROJ_19RP3(1.0),"Population on 1st January by age, sex, type of projection and NUTS 3 region",A,Annual,BSL,Baseline projections,TOTAL,Total,T,Total,PER,Person,PT11D,Douro,2035,,172896,,,,,
dataflow,ESTAT:PROJ_19RP3(1.0),"Population on 1st January by age, sex, type of projection and NUTS 3 region",A,Annual,BSL,Baseline projections,TOTAL,Total,T,Total,PER,Person,PT11D,Douro,2040,,166842,,,,,
dataflow,ESTAT:PROJ_19RP3(1.0),"Population on 1st January by age, sex, type of projection and NUTS 3 region",A,Annual,BSL,Baseline projections,TOTAL,Total,T,Total,PER,Person,PT11D,Douro,2045,,160153,,,,,
dataflow,ESTAT:PROJ_19RP3(1.0),"Population on 1st January by age, sex, type of projection and NUTS 3 region",A,Annual,BSL,Baseline projections,TOTAL,Total,T,Total,PER,Person,PT11D,Douro,2050,,152935,,,,,
dataflow,ESTAT:PROJ_19RP3(1.0),"Population on 1st January by age, sex, type of projection and NUTS 3 region",A,Annual,BSL,Baseline projections,TOTAL,Total,T,Total,PER,Person,PT11D,Douro,2055,,145642,,,,,
dataflow,ESTAT:PROJ_19RP3(1.0),"Population on 1st January by age, sex, type of projection and NUTS 3 region",A,Annual,BSL,Baseline projections,TOTAL,Total,T,Total,PER,Person,PT11D,Douro,2060,,138734,,,,,
dataflow,ESTAT:PROJ_19RP3(1.0),"Population on 1st January by age, sex, type of projection and NUTS 3 region",A,Annual,BSL,Baseline projections,TOTAL,Total,T,Total,PER,Person,PT11D,Douro,2065,,132373,,,,,
dataflow,ESTAT:PROJ_19RP3(1.0),"Population on 1st January by age, sex, type of projection and NUTS 3 region",A,Annual,BSL,Baseline projections,TOTAL,Total,T,Total,PER,Person,PT11D,Douro,2070,,126547,,,,,
dataflow,ESTAT:PROJ_19RP3(1.0),"Population on 1st January by age, sex, type of projection and NUTS 3 region",A,Annual,BSL,Baseline projections,TOTAL,Total,T,Total,PER,Person,PT11D,Douro,2075,,121219,,,,,
dataflow,ESTAT:PROJ_19RP3(1.0),"Population on 1st January by age, sex, type of projection and NUTS 3 region",A,Annual,BSL,Baseline projections,TOTAL,Total,T,Total,PER,Person,PT11D,Douro,2080,,116388,,,,,
dataflow,ESTAT:PROJ_19RP3(1.0),"Population on 1st January by age, sex, type of projection and NUTS 3 region",A,Annual,BSL,Baseline projections,TOTAL,Total,T,Total,PER,Person,PT11D,Douro,2085,,111956,,,,,
dataflow,ESTAT:PROJ_19RP3(1.0),"Population on 1st January by age, sex, type of projection and NUTS 3 region",A,Annual,BSL,Baseline projections,TOTAL,Total,T,Total,PER,Person,PT11D,Douro,2090,,107899,,,,,
dataflow,ESTAT:PROJ_19RP3(1.0),"Population on 1st January by age, sex, type of projection and NUTS 3 region",A,Annual,BSL,Baseline projections,TOTAL,Total,T,Total,PER,Person,PT11D,Douro,2095,,104318,,,,,
dataflow,ESTAT:PROJ_19RP3(1.0),"Population on 1st January by age, sex, type of projection and NUTS 3 region",A,Annual,BSL,Baseline projections,TOTAL,Total,T,Total,PER,Person,PT11D,Douro,2100,,101313,,,,,
dataflow,ESTAT:PROJ_19RP3(1.0),"Population on 1st January by age, sex, type of projection and NUTS 3 region",A,Annual,BSL,Baseline projections,TOTAL,Total,T,Total,PER,Person,PT11E,Terras de Trás-os-Montes,2019,,107860,,,,,
dataflow,ESTAT:PROJ_19RP3(1.0),"Population on 1st January by age, sex, type of projection and NUTS 3 region",A,Annual,BSL,Baseline projections,TOTAL,Total,T,Total,PER,Person,PT11E,Terras de Trás-os-Montes,2020,,107549,,,,,
dataflow,ESTAT:PROJ_19RP3(1.0),"Population on 1st January by age, sex, type of projection and NUTS 3 region",A,Annual,BSL,Baseline projections,TOTAL,Total,T,Total,PER,Person,PT11E,Terras de Trás-os-Montes,2025,,103972,,,,,
dataflow,ESTAT:PROJ_19RP3(1.0),"Population on 1st January by age, sex, type of projection and NUTS 3 region",A,Annual,BSL,Baseline projections,TOTAL,Total,T,Total,PER,Person,PT11E,Terras de Trás-os-Montes,2030,,99913,,,,,
dataflow,ESTAT:PROJ_19RP3(1.0),"Population on 1st January by age, sex, type of projection and NUTS 3 region",A,Annual,BSL,Baseline projections,TOTAL,Total,T,Total,PER,Person,PT11E,Terras de Trás-os-Montes,2035,,96143,,,,,
dataflow,ESTAT:PROJ_19RP3(1.0),"Population on 1st January by age, sex, type of projection and NUTS 3 region",A,Annual,BSL,Baseline projections,TOTAL,Total,T,Total,PER,Person,PT11E,Terras de Trás-os-Montes,2040,,92415,,,,,
dataflow,ESTAT:PROJ_19RP3(1.0),"Population on 1st January by age, sex, type of projection and NUTS 3 region",A,Annual,BSL,Baseline projections,TOTAL,Total,T,Total,PER,Person,PT11E,Terras de Trás-os-Montes,2045,,88648,,,,,
dataflow,ESTAT:PROJ_19RP3(1.0),"Population on 1st January by age, sex, type of projection and NUTS 3 region",A,Annual,BSL,Baseline projections,TOTAL,Total,T,Total,PER,Person,PT11E,Terras de Trás-os-Montes,2050,,84900,,,,,
dataflow,ESTAT:PROJ_19RP3(1.0),"Population on 1st January by age, sex, type of projection and NUTS 3 region",A,Annual,BSL,Baseline projections,TOTAL,Total,T,Total,PER,Person,PT11E,Terras de Trás-os-Montes,2055,,81375,,,,,
dataflow,ESTAT:PROJ_19RP3(1.0),"Population on 1st January by age, sex, type of projection and NUTS 3 region",A,Annual,BSL,Baseline projections,TOTAL,Total,T,Total,PER,Person,PT11E,Terras de Trás-os-Montes,2060,,78175,,,,,
dataflow,ESTAT:PROJ_19RP3(1.0),"Population on 1st January by age, sex, type of projection and NUTS 3 region",A,Annual,BSL,Baseline projections,TOTAL,Total,T,Total,PER,Person,PT11E,Terras de Trás-os-Montes,2065,,75355,,,,,
dataflow,ESTAT:PROJ_19RP3(1.0),"Population on 1st January by age, sex, type of projection and NUTS 3 region",A,Annual,BSL,Baseline projections,TOTAL,Total,T,Total,PER,Person,PT11E,Terras de Trás-os-Montes,2070,,72794,,,,,
dataflow,ESTAT:PROJ_19RP3(1.0),"Population on 1st January by age, sex, type of projection and NUTS 3 region",A,Annual,BSL,Baseline projections,TOTAL,Total,T,Total,PER,Person,PT11E,Terras de Trás-os-Montes,2075,,70618,,,,,
dataflow,ESTAT:PROJ_19RP3(1.0),"Population on 1st January by age, sex, type of projection and NUTS 3 region",A,Annual,BSL,Baseline projections,TOTAL,Total,T,Total,PER,Person,PT11E,Terras de Trás-os-Montes,2080,,68762,,,,,
dataflow,ESTAT:PROJ_19RP3(1.0),"Population on 1st January by age, sex, type of projection and NUTS 3 region",A,Annual,BSL,Baseline projections,TOTAL,Total,T,Total,PER,Person,PT11E,Terras de Trás-os-Montes,2085,,67192,,,,,
dataflow,ESTAT:PROJ_19RP3(1.0),"Population on 1st January by age, sex, type of projection and NUTS 3 region",A,Annual,BSL,Baseline projections,TOTAL,Total,T,Total,PER,Person,PT11E,Terras de Trás-os-Montes,2090,,65870,,,,,
dataflow,ESTAT:PROJ_19RP3(1.0),"Population on 1st January by age, sex, type of projection and NUTS 3 region",A,Annual,BSL,Baseline projections,TOTAL,Total,T,Total,PER,Person,PT11E,Terras de Trás-os-Montes,2095,,64804,,,,,
dataflow,ESTAT:PROJ_19RP3(1.0),"Population on 1st January by age, sex, type of projection and NUTS 3 region",A,Annual,BSL,Baseline projections,TOTAL,Total,T,Total,PER,Person,PT11E,Terras de Trás-os-Montes,2100,,64035,,,,,
dataflow,ESTAT:PROJ_19RP3(1.0),"Population on 1st January by age, sex, type of projection and NUTS 3 region",A,Annual,BSL,Baseline projections,TOTAL,Total,T,Total,PER,Person,PT150,Algarve,2019,,438864,,,,,
dataflow,ESTAT:PROJ_19RP3(1.0),"Population on 1st January by age, sex, type of projection and NUTS 3 region",A,Annual,BSL,Baseline projections,TOTAL,Total,T,Total,PER,Person,PT150,Algarve,2020,,441061,,,,,
dataflow,ESTAT:PROJ_19RP3(1.0),"Population on 1st January by age, sex, type of projection and NUTS 3 region",A,Annual,BSL,Baseline projections,TOTAL,Total,T,Total,PER,Person,PT150,Algarve,2025,,443576,,,,,
dataflow,ESTAT:PROJ_19RP3(1.0),"Population on 1st January by age, sex, type of projection and NUTS 3 region",A,Annual,BSL,Baseline projections,TOTAL,Total,T,Total,PER,Person,PT150,Algarve,2030,,443024,,,,,
dataflow,ESTAT:PROJ_19RP3(1.0),"Population on 1st January by age, sex, type of projection and NUTS 3 region",A,Annual,BSL,Baseline projections,TOTAL,Total,T,Total,PER,Person,PT150,Algarve,2035,,442973,,,,,
dataflow,ESTAT:PROJ_19RP3(1.0),"Population on 1st January by age, sex, type of projection and NUTS 3 region",A,Annual,BSL,Baseline projections,TOTAL,Total,T,Total,PER,Person,PT150,Algarve,2040,,442867,,,,,
dataflow,ESTAT:PROJ_19RP3(1.0),"Population on 1st January by age, sex, type of projection and NUTS 3 region",A,Annual,BSL,Baseline projections,TOTAL,Total,T,Total,PER,Person,PT150,Algarve,2045,,441893,,,,,
dataflow,ESTAT:PROJ_19RP3(1.0),"Population on 1st January by age, sex, type of projection and NUTS 3 region",A,Annual,BSL,Baseline projections,TOTAL,Total,T,Total,PER,Person,PT150,Algarve,2050,,440108,,,,,
dataflow,ESTAT:PROJ_19RP3(1.0),"Population on 1st January by age, sex, type of projection and NUTS 3 region",A,Annual,BSL,Baseline projections,TOTAL,Total,T,Total,PER,Person,PT150,Algarve,2055,,437875,,,,,
dataflow,ESTAT:PROJ_19RP3(1.0),"Population on 1st January by age, sex, type of projection and NUTS 3 region",A,Annual,BSL,Baseline projections,TOTAL,Total,T,Total,PER,Person,PT150,Algarve,2060,,435577,,,,,
dataflow,ESTAT:PROJ_19RP3(1.0),"Population on 1st January by age, sex, type of projection and NUTS 3 region",A,Annual,BSL,Baseline projections,TOTAL,Total,T,Total,PER,Person,PT150,Algarve,2065,,433425,,,,,
dataflow,ESTAT:PROJ_19RP3(1.0),"Population on 1st January by age, sex, type of projection and NUTS 3 region",A,Annual,BSL,Baseline projections,TOTAL,Total,T,Total,PER,Person,PT150,Algarve,2070,,431943,,,,,
dataflow,ESTAT:PROJ_19RP3(1.0),"Population on 1st January by age, sex, type of projection and NUTS 3 region",A,Annual,BSL,Baseline projections,TOTAL,Total,T,Total,PER,Person,PT150,Algarve,2075,,432122,,,,,
dataflow,ESTAT:PROJ_19RP3(1.0),"Population on 1st January by age, sex, type of projection and NUTS 3 region",A,Annual,BSL,Baseline projections,TOTAL,Total,T,Total,PER,Person,PT150,Algarve,2080,,434680,,,,,
dataflow,ESTAT:PROJ_19RP3(1.0),"Population on 1st January by age, sex, type of projection and NUTS 3 region",A,Annual,BSL,Baseline projections,TOTAL,Total,T,Total,PER,Person,PT150,Algarve,2085,,439224,,,,,
dataflow,ESTAT:PROJ_19RP3(1.0),"Population on 1st January by age, sex, type of projection and NUTS 3 region",A,Annual,BSL,Baseline projections,TOTAL,Total,T,Total,PER,Person,PT150,Algarve,2090,,444975,,,,,
dataflow,ESTAT:PROJ_19RP3(1.0),"Population on 1st January by age, sex, type of projection and NUTS 3 region",A,Annual,BSL,Baseline projections,TOTAL,Total,T,Total,PER,Person,PT150,Algarve,2095,,451320,,,,,
dataflow,ESTAT:PROJ_19RP3(1.0),"Population on 1st January by age, sex, type of projection and NUTS 3 region",A,Annual,BSL,Baseline projections,TOTAL,Total,T,Total,PER,Person,PT150,Algarve,2100,,458163,,,,,
dataflow,ESTAT:PROJ_19RP3(1.0),"Population on 1st January by age, sex, type of projection and NUTS 3 region",A,Annual,BSL,Baseline projections,TOTAL,Total,T,Total,PER,Person,PT16B,Oeste (NUTS 2021),2019,,356785,,,,,
dataflow,ESTAT:PROJ_19RP3(1.0),"Population on 1st January by age, sex, type of projection and NUTS 3 region",A,Annual,BSL,Baseline projections,TOTAL,Total,T,Total,PER,Person,PT16B,Oeste (NUTS 2021),2020,,357496,,,,,
dataflow,ESTAT:PROJ_19RP3(1.0),"Population on 1st January by age, sex, type of projection and NUTS 3 region",A,Annual,BSL,Baseline projections,TOTAL,Total,T,Total,PER,Person,PT16B,Oeste (NUTS 2021),2025,,356272,,,,,
dataflow,ESTAT:PROJ_19RP3(1.0),"Population on 1st January by age, sex, type of projection and NUTS 3 region",A,Annual,BSL,Baseline projections,TOTAL,Total,T,Total,PER,Person,PT16B,Oeste (NUTS 2021),2030,,353255,,,,,
dataflow,ESTAT:PROJ_19RP3(1.0),"Population on 1st January by age, sex, type of projection and NUTS 3 region",A,Annual,BSL,Baseline projections,TOTAL,Total,T,Total,PER,Person,PT16B,Oeste (NUTS 2021),2035,,350142,,,,,
dataflow,ESTAT:PROJ_19RP3(1.0),"Population on 1st January by age, sex, type of projection and NUTS 3 region",A,Annual,BSL,Baseline projections,TOTAL,Total,T,Total,PER,Person,PT16B,Oeste (NUTS 2021),2040,,346095,,,,,
dataflow,ESTAT:PROJ_19RP3(1.0),"Population on 1st January by age, sex, type of projection and NUTS 3 region",A,Annual,BSL,Baseline projections,TOTAL,Total,T,Total,PER,Person,PT16B,Oeste (NUTS 2021),2045,,340651,,,,,
dataflow,ESTAT:PROJ_19RP3(1.0),"Population on 1st January by age, sex, type of projection and NUTS 3 region",A,Annual,BSL,Baseline projections,TOTAL,Total,T,Total,PER,Person,PT16B,Oeste (NUTS 2021),2050,,333788,,,,,
dataflow,ESTAT:PROJ_19RP3(1.0),"Population on 1st January by age, sex, type of projection and NUTS 3 region",A,Annual,BSL,Baseline projections,TOTAL,Total,T,Total,PER,Person,PT16B,Oeste (NUTS 2021),2055,,325979,,,,,
dataflow,ESTAT:PROJ_19RP3(1.0),"Population on 1st January by age, sex, type of projection and NUTS 3 region",A,Annual,BSL,Baseline projections,TOTAL,Total,T,Total,PER,Person,PT16B,Oeste (NUTS 2021),2060,,317700,,,,,
dataflow,ESTAT:PROJ_19RP3(1.0),"Population on 1st January by age, sex, type of projection and NUTS 3 region",A,Annual,BSL,Baseline projections,TOTAL,Total,T,Total,PER,Person,PT16B,Oeste (NUTS 2021),2065,,309352,,,,,
dataflow,ESTAT:PROJ_19RP3(1.0),"Population on 1st January by age, sex, type of projection and NUTS 3 region",A,Annual,BSL,Baseline projections,TOTAL,Total,T,Total,PER,Person,PT16B,Oeste (NUTS 2021),2070,,301302,,,,,
dataflow,ESTAT:PROJ_19RP3(1.0),"Population on 1st January by age, sex, type of projection and NUTS 3 region",A,Annual,BSL,Baseline projections,TOTAL,Total,T,Total,PER,Person,PT16B,Oeste (NUTS 2021),2075,,294033,,,,,
dataflow,ESTAT:PROJ_19RP3(1.0),"Population on 1st January by age, sex, type of projection and NUTS 3 region",A,Annual,BSL,Baseline projections,TOTAL,Total,T,Total,PER,Person,PT16B,Oeste (NUTS 2021),2080,,287902,,,,,
dataflow,ESTAT:PROJ_19RP3(1.0),"Population on 1st January by age, sex, type of projection and NUTS 3 region",A,Annual,BSL,Baseline projections,TOTAL,Total,T,Total,PER,Person,PT16B,Oeste (NUTS 2021),2085,,282522,,,,,
dataflow,ESTAT:PROJ_19RP3(1.0),"Population on 1st January by age, sex, type of projection and NUTS 3 region",A,Annual,BSL,Baseline projections,TOTAL,Total,T,Total,PER,Person,PT16B,Oeste (NUTS 2021),2090,,277445,,,,,
dataflow,ESTAT:PROJ_19RP3(1.0),"Population on 1st January by age, sex, type of projection and NUTS 3 region",A,Annual,BSL,Baseline projections,TOTAL,Total,T,Total,PER,Person,PT16B,Oeste (NUTS 2021),2095,,272641,,,,,
dataflow,ESTAT:PROJ_19RP3(1.0),"Population on 1st January by age, sex, type of projection and NUTS 3 region",A,Annual,BSL,Baseline projections,TOTAL,Total,T,Total,PER,Person,PT16B,Oeste (NUTS 2021),2100,,268476,,,,,
dataflow,ESTAT:PROJ_19RP3(1.0),"Population on 1st January by age, sex, type of projection and NUTS 3 region",A,Annual,BSL,Baseline projections,TOTAL,Total,T,Total,PER,Person,PT16D,Região de Aveiro (NUTS 2021),2019,,362100,,,,,
dataflow,ESTAT:PROJ_19RP3(1.0),"Population on 1st January by age, sex, type of projection and NUTS 3 region",A,Annual,BSL,Baseline projections,TOTAL,Total,T,Total,PER,Person,PT16D,Região de Aveiro (NUTS 2021),2020,,362884,,,,,
dataflow,ESTAT:PROJ_19RP3(1.0),"Population on 1st January by age, sex, type of projection and NUTS 3 region",A,Annual,BSL,Baseline projections,TOTAL,Total,T,Total,PER,Person,PT16D,Região de Aveiro (NUTS 2021),2025,,361665,,,,,
dataflow,ESTAT:PROJ_19RP3(1.0),"Population on 1st January by age, sex, type of projection and NUTS 3 region",A,Annual,BSL,Baseline projections,TOTAL,Total,T,Total,PER,Person,PT16D,Região de Aveiro (NUTS 2021),2030,,357987,,,,,
dataflow,ESTAT:PROJ_19RP3(1.0),"Population on 1st January by age, sex, type of projection and NUTS 3 region",A,Annual,BSL,Baseline projections,TOTAL,Total,T,Total,PER,Person,PT16D,Região de Aveiro (NUTS 2021),2035,,353396,,,,,
dataflow,ESTAT:PROJ_19RP3(1.0),"Population on 1st January by age, sex, type of projection and NUTS 3 region",A,Annual,BSL,Baseline projections,TOTAL,Total,T,Total,PER,Person,PT16D,Região de Aveiro (NUTS 2021),2040,,347182,,,,,
dataflow,ESTAT:PROJ_19RP3(1.0),"Population on 1st January by age, sex, type of projection and NUTS 3 region",A,Annual,BSL,Baseline projections,TOTAL,Total,T,Total,PER,Person,PT16D,Região de Aveiro (NUTS 2021),2045,,339173,,,,,
dataflow,ESTAT:PROJ_19RP3(1.0),"Population on 1st January by age, sex, type of projection and NUTS 3 region",A,Annual,BSL,Baseline projections,TOTAL,Total,T,Total,PER,Person,PT16D,Região de Aveiro (NUTS 2021),2050,,329844,,,,,
dataflow,ESTAT:PROJ_19RP3(1.0),"Population on 1st January by age, sex, type of projection and NUTS 3 region",A,Annual,BSL,Baseline projections,TOTAL,Total,T,Total,PER,Person,PT16D,Região de Aveiro (NUTS 2021),2055,,319767,,,,,
dataflow,ESTAT:PROJ_19RP3(1.0),"Population on 1st January by age, sex, type of projection and NUTS 3 region",A,Annual,BSL,Baseline projections,TOTAL,Total,T,Total,PER,Person,PT16D,Região de Aveiro (NUTS 2021),2060,,309557,,,,,
dataflow,ESTAT:PROJ_19RP3(1.0),"Population on 1st January by age, sex, type of projection and NUTS 3 region",A,Annual,BSL,Baseline projections,TOTAL,Total,T,Total,PER,Person,PT16D,Região de Aveiro (NUTS 2021),2065,,299687,,,,,
dataflow,ESTAT:PROJ_19RP3(1.0),"Population on 1st January by age, sex, type of projection and NUTS 3 region",A,Annual,BSL,Baseline projections,TOTAL,Total,T,Total,PER,Person,PT16D,Região de Aveiro (NUTS 2021),2070,,290477,,,,,
dataflow,ESTAT:PROJ_19RP3(1.0),"Population on 1st January by age, sex, type of projection and NUTS 3 region",A,Annual,BSL,Baseline projections,TOTAL,Total,T,Total,PER,Person,PT16D,Região de Aveiro (NUTS 2021),2075,,282517,,,,,
dataflow,ESTAT:PROJ_19RP3(1.0),"Population on 1st January by age, sex, type of projection and NUTS 3 region",A,Annual,BSL,Baseline projections,TOTAL,Total,T,Total,PER,Person,PT16D,Região de Aveiro (NUTS 2021),2080,,276037,,,,,
dataflow,ESTAT:PROJ_19RP3(1.0),"Population on 1st January by age, sex, type of projection and NUTS 3 region",A,Annual,BSL,Baseline projections,TOTAL,Total,T,Total,PER,Person,PT16D,Região de Aveiro (NUTS 2021),2085,,270607,,,,,
dataflow,ESTAT:PROJ_19RP3(1.0),"Population on 1st January by age, sex, type of projection and NUTS 3 region",A,Annual,BSL,Baseline projections,TOTAL,Total,T,Total,PER,Person,PT16D,Região de Aveiro (NUTS 2021),2090,,265860,,,,,
dataflow,ESTAT:PROJ_19RP3(1.0),"Population on 1st January by age, sex, type of projection and NUTS 3 region",A,Annual,BSL,Baseline projections,TOTAL,Total,T,Total,PER,Person,PT16D,Região de Aveiro (NUTS 2021),2095,,261726,,,,,
dataflow,ESTAT:PROJ_19RP3(1.0),"Population on 1st January by age, sex, type of projection and NUTS 3 region",A,Annual,BSL,Baseline projections,TOTAL,Total,T,Total,PER,Person,PT16D,Região de Aveiro (NUTS 2021),2100,,258439,,,,,
dataflow,ESTAT:PROJ_19RP3(1.0),"Population on 1st January by age, sex, type of projection and NUTS 3 region",A,Annual,BSL,Baseline projections,TOTAL,Total,T,Total,PER,Person,PT16E,Região de Coimbra (NUTS 2021),2019,,434015,,,,,
dataflow,ESTAT:PROJ_19RP3(1.0),"Population on 1st January by age, sex, type of projection and NUTS 3 region",A,Annual,BSL,Baseline projections,TOTAL,Total,T,Total,PER,Person,PT16E,Região de Coimbra (NUTS 2021),2020,,432805,,,,,
dataflow,ESTAT:PROJ_19RP3(1.0),"Population on 1st January by age, sex, type of projection and NUTS 3 region",A,Annual,BSL,Baseline projections,TOTAL,Total,T,Total,PER,Person,PT16E,Região de Coimbra (NUTS 2021),2025,,421275,,,,,
dataflow,ESTAT:PROJ_19RP3(1.0),"Population on 1st January by age, sex, type of projection and NUTS 3 region",A,Annual,BSL,Baseline projections,TOTAL,Total,T,Total,PER,Person,PT16E,Região de Coimbra (NUTS 2021),2030,,407956,,,,,
dataflow,ESTAT:PROJ_19RP3(1.0),"Population on 1st January by age, sex, type of projection and NUTS 3 region",A,Annual,BSL,Baseline projections,TOTAL,Total,T,Total,PER,Person,PT16E,Região de Coimbra (NUTS 2021),2035,,394984,,,,,
dataflow,ESTAT:PROJ_19RP3(1.0),"Population on 1st January by age, sex, type of projection and NUTS 3 region",A,Annual,BSL,Baseline projections,TOTAL,Total,T,Total,PER,Person,PT16E,Região de Coimbra (NUTS 2021),2040,,381753,,,,,
dataflow,ESTAT:PROJ_19RP3(1.0),"Population on 1st January by age, sex, type of projection and NUTS 3 region",A,Annual,BSL,Baseline projections,TOTAL,Total,T,Total,PER,Person,PT16E,Região de Coimbra (NUTS 2021),2045,,367710,,,,,
dataflow,ESTAT:PROJ_19RP3(1.0),"Population on 1st January by age, sex, type of projection and NUTS 3 region",A,Annual,BSL,Baseline projections,TOTAL,Total,T,Total,PER,Person,PT16E,Região de Coimbra (NUTS 2021),2050,,353105,,,,,
dataflow,ESTAT:PROJ_19RP3(1.0),"Population on 1st January by age, sex, type of projection and NUTS 3 region",A,Annual,BSL,Baseline projections,TOTAL,Total,T,Total,PER,Person,PT16E,Região de Coimbra (NUTS 2021),2055,,338242,,,,,
dataflow,ESTAT:PROJ_19RP3(1.0),"Population on 1st January by age, sex, type of projection and NUTS 3 region",A,Annual,BSL,Baseline projections,TOTAL,Total,T,Total,PER,Person,PT16E,Região de Coimbra (NUTS 2021),2060,,323616,,,,,
dataflow,ESTAT:PROJ_19RP3(1.0),"Population on 1st January by age, sex, type of projection and NUTS 3 region",A,Annual,BSL,Baseline projections,TOTAL,Total,T,Total,PER,Person,PT16E,Região de Coimbra (NUTS 2021),2065,,309805,,,,,
dataflow,ESTAT:PROJ_19RP3(1.0),"Population on 1st January by age, sex, type of projection and NUTS 3 region",A,Annual,BSL,Baseline projections,TOTAL,Total,T,Total,PER,Person,PT16E,Região de Coimbra (NUTS 2021),2070,,297232,,,,,
dataflow,ESTAT:PROJ_19RP3(1.0),"Population on 1st January by age, sex, type of projection and NUTS 3 region",A,Annual,BSL,Baseline projections,TOTAL,Total,T,Total,PER,Person,PT16E,Região de Coimbra (NUTS 2021),2075,,286564,,,,,
dataflow,ESTAT:PROJ_19RP3(1.0),"Population on 1st January by age, sex, type of projection and NUTS 3 region",A,Annual,BSL,Baseline projections,TOTAL,Total,T,Total,PER,Person,PT16E,Região de Coimbra (NUTS 2021),2080,,278180,,,,,
dataflow,ESTAT:PROJ_19RP3(1.0),"Population on 1st January by age, sex, type of projection and NUTS 3 region",A,Annual,BSL,Baseline projections,TOTAL,Total,T,Total,PER,Person,PT16E,Região de Coimbra (NUTS 2021),2085,,271689,,,,,
dataflow,ESTAT:PROJ_19RP3(1.0),"Population on 1st January by age, sex, type of projection and NUTS 3 region",A,Annual,BSL,Baseline projections,TOTAL,Total,T,Total,PER,Person,PT16E,Região de Coimbra (NUTS 2021),2090,,266259,,,,,
dataflow,ESTAT:PROJ_19RP3(1.0),"Population on 1st January by age, sex, type of projection and NUTS 3 region",A,Annual,BSL,Baseline projections,TOTAL,Total,T,Total,PER,Person,PT16E,Região de Coimbra (NUTS 2021),2095,,261441,,,,,
dataflow,ESTAT:PROJ_19RP3(1.0),"Population on 1st January by age, sex, type of projection and NUTS 3 region",A,Annual,BSL,Baseline projections,TOTAL,Total,T,Total,PER,Person,PT16E,Região de Coimbra (NUTS 2021),2100,,257447,,,,,
dataflow,ESTAT:PROJ_19RP3(1.0),"Population on 1st January by age, sex, type of projection and NUTS 3 region",A,Annual,BSL,Baseline projections,TOTAL,Total,T,Total,PER,Person,PT16F,Região de Leiria (NUTS 2021),2019,,284492,,,,,
dataflow,ESTAT:PROJ_19RP3(1.0),"Population on 1st January by age, sex, type of projection and NUTS 3 region",A,Annual,BSL,Baseline projections,TOTAL,Total,T,Total,PER,Person,PT16F,Região de Leiria (NUTS 2021),2020,,284304,,,,,
dataflow,ESTAT:PROJ_19RP3(1.0),"Population on 1st January by age, sex, type of projection and NUTS 3 region",A,Annual,BSL,Baseline projections,TOTAL,Total,T,Total,PER,Person,PT16F,Região de Leiria (NUTS 2021),2025,,279646,,,,,
dataflow,ESTAT:PROJ_19RP3(1.0),"Population on 1st January by age, sex, type of projection and NUTS 3 region",A,Annual,BSL,Baseline projections,TOTAL,Total,T,Total,PER,Person,PT16F,Região de Leiria (NUTS 2021),2030,,273683,,,,,
dataflow,ESTAT:PROJ_19RP3(1.0),"Population on 1st January by age, sex, type of projection and NUTS 3 region",A,Annual,BSL,Baseline projections,TOTAL,Total,T,Total,PER,Person,PT16F,Região de Leiria (NUTS 2021),2035,,267717,,,,,
dataflow,ESTAT:PROJ_19RP3(1.0),"Population on 1st January by age, sex, type of projection and NUTS 3 region",A,Annual,BSL,Baseline projections,TOTAL,Total,T,Total,PER,Person,PT16F,Região de Leiria (NUTS 2021),2040,,261274,,,,,
dataflow,ESTAT:PROJ_19RP3(1.0),"Population on 1st January by age, sex, type of projection and NUTS 3 region",A,Annual,BSL,Baseline projections,TOTAL,Total,T,Total,PER,Person,PT16F,Região de Leiria (NUTS 2021),2045,,253841,,,,,
dataflow,ESTAT:PROJ_19RP3(1.0),"Population on 1st January by age, sex, type of projection and NUTS 3 region",A,Annual,BSL,Baseline projections,TOTAL,Total,T,Total,PER,Person,PT16F,Região de Leiria (NUTS 2021),2050,,245566,,,,,
dataflow,ESTAT:PROJ_19RP3(1.0),"Population on 1st January by age, sex, type of projection and NUTS 3 region",A,Annual,BSL,Baseline projections,TOTAL,Total,T,Total,PER,Person,PT16F,Região de Leiria (NUTS 2021),2055,,236941,,,,,
dataflow,ESTAT:PROJ_19RP3(1.0),"Population on 1st January by age, sex, type of projection and NUTS 3 region",A,Annual,BSL,Baseline projections,TOTAL,Total,T,Total,PER,Person,PT16F,Região de Leiria (NUTS 2021),2060,,228322,,,,,
dataflow,ESTAT:PROJ_19RP3(1.0),"Population on 1st January by age, sex, type of projection and NUTS 3 region",A,Annual,BSL,Baseline projections,TOTAL,Total,T,Total,PER,Person,PT16F,Região de Leiria (NUTS 2021),2065,,220130,,,,,
dataflow,ESTAT:PROJ_19RP3(1.0),"Population on 1st January by age, sex, type of projection and NUTS 3 region",A,Annual,BSL,Baseline projections,TOTAL,Total,T,Total,PER,Person,PT16F,Região de Leiria (NUTS 2021),2070,,212547,,,,,
dataflow,ESTAT:PROJ_19RP3(1.0),"Population on 1st January by age, sex, type of projection and NUTS 3 region",A,Annual,BSL,Baseline projections,TOTAL,Total,T,Total,PER,Person,PT16F,Região de Leiria (NUTS 2021),2075,,205995,,,,,
dataflow,ESTAT:PROJ_19RP3(1.0),"Population on 1st January by age, sex, type of projection and NUTS 3 region",A,Annual,BSL,Baseline projections,TOTAL,Total,T,Total,PER,Person,PT16F,Região de Leiria (NUTS 2021),2080,,200578,,,,,
dataflow,ESTAT:PROJ_19RP3(1.0),"Population on 1st January by age, sex, type of projection and NUTS 3 region",A,Annual,BSL,Baseline projections,TOTAL,Total,T,Total,PER,Person,PT16F,Região de Leiria (NUTS 2021),2085,,196139,,,,,
dataflow,ESTAT:PROJ_19RP3(1.0),"Population on 1st January by age, sex, type of projection and NUTS 3 region",A,Annual,BSL,Baseline projections,TOTAL,Total,T,Total,PER,Person,PT16F,Região de Leiria (NUTS 2021),2090,,192309,,,,,
dataflow,ESTAT:PROJ_19RP3(1.0),"Population on 1st January by age, sex, type of projection and NUTS 3 region",A,Annual,BSL,Baseline projections,TOTAL,Total,T,Total,PER,Person,PT16F,Região de Leiria (NUTS 2021),2095,,189002,,,,,
dataflow,ESTAT:PROJ_19RP3(1.0),"Population on 1st January by age, sex, type of projection and NUTS 3 region",A,Annual,BSL,Baseline projections,TOTAL,Total,T,Total,PER,Person,PT16F,Região de Leiria (NUTS 2021),2100,,186280,,,,,
dataflow,ESTAT:PROJ_19RP3(1.0),"Population on 1st January by age, sex, type of projection and NUTS 3 region",A,Annual,BSL,Baseline projections,TOTAL,Total,T,Total,PER,Person,PT16G,Viseu Dão Lafões (NUTS 2021),2019,,252220,,,,,
dataflow,ESTAT:PROJ_19RP3(1.0),"Population on 1st January by age, sex, type of projection and NUTS 3 region",A,Annual,BSL,Baseline projections,TOTAL,Total,T,Total,PER,Person,PT16G,Viseu Dão Lafões (NUTS 2021),2020,,251498,,,,,
dataflow,ESTAT:PROJ_19RP3(1.0),"Population on 1st January by age, sex, type of projection and NUTS 3 region",A,Annual,BSL,Baseline projections,TOTAL,Total,T,Total,PER,Person,PT16G,Viseu Dão Lafões (NUTS 2021),2025,,244558,,,,,
dataflow,ESTAT:PROJ_19RP3(1.0),"Population on 1st January by age, sex, type of projection and NUTS 3 region",A,Annual,BSL,Baseline projections,TOTAL,Total,T,Total,PER,Person,PT16G,Viseu Dão Lafões (NUTS 2021),2030,,236956,,,,,
dataflow,ESTAT:PROJ_19RP3(1.0),"Population on 1st January by age, sex, type of projection and NUTS 3 region",A,Annual,BSL,Baseline projections,TOTAL,Total,T,Total,PER,Person,PT16G,Viseu Dão Lafões (NUTS 2021),2035,,229802,,,,,
dataflow,ESTAT:PROJ_19RP3(1.0),"Population on 1st January by age, sex, type of projection and NUTS 3 region",A,Annual,BSL,Baseline projections,TOTAL,Total,T,Total,PER,Person,PT16G,Viseu Dão Lafões (NUTS 2021),2040,,222525,,,,,
dataflow,ESTAT:PROJ_19RP3(1.0),"Population on 1st January by age, sex, type of projection and NUTS 3 region",A,Annual,BSL,Baseline projections,TOTAL,Total,T,Total,PER,Person,PT16G,Viseu Dão Lafões (NUTS 2021),2045,,214656,,,,,
dataflow,ESTAT:PROJ_19RP3(1.0),"Population on 1st January by age, sex, type of projection and NUTS 3 region",A,Annual,BSL,Baseline projections,TOTAL,Total,T,Total,PER,Person,PT16G,Viseu Dão Lafões (NUTS 2021),2050,,206400,,,,,
dataflow,ESTAT:PROJ_19RP3(1.0),"Population on 1st January by age, sex, type of projection and NUTS 3 region",A,Annual,BSL,Baseline projections,TOTAL,Total,T,Total,PER,Person,PT16G,Viseu Dão Lafões (NUTS 2021),2055,,198062,,,,,
dataflow,ESTAT:PROJ_19RP3(1.0),"Population on 1st January by age, sex, type of projection and NUTS 3 region",A,Annual,BSL,Baseline projections,TOTAL,Total,T,Total,PER,Person,PT16G,Viseu Dão Lafões (NUTS 2021),2060,,189989,,,,,
dataflow,ESTAT:PROJ_19RP3(1.0),"Population on 1st January by age, sex, type of projection and NUTS 3 region",A,Annual,BSL,Baseline projections,TOTAL,Total,T,Total,PER,Person,PT16G,Viseu Dão Lafões (NUTS 2021),2065,,182468,,,,,
dataflow,ESTAT:PROJ_19RP3(1.0),"Population on 1st January by age, sex, type of projection and NUTS 3 region",A,Annual,BSL,Baseline projections,TOTAL,Total,T,Total,PER,Person,PT16G,Viseu Dão Lafões (NUTS 2021),2070,,175538,,,,,
dataflow,ESTAT:PROJ_19RP3(1.0),"Population on 1st January by age, sex, type of projection and NUTS 3 region",A,Annual,BSL,Baseline projections,TOTAL,Total,T,Total,PER,Person,PT16G,Viseu Dão Lafões (NUTS 2021),2075,,169286,,,,,
dataflow,ESTAT:PROJ_19RP3(1.0),"Population on 1st January by age, sex, type of projection and NUTS 3 region",A,Annual,BSL,Baseline projections,TOTAL,Total,T,Total,PER,Person,PT16G,Viseu Dão Lafões (NUTS 2021),2080,,163903,,,,,
dataflow,ESTAT:PROJ_19RP3(1.0),"Population on 1st January by age, sex, type of projection and NUTS 3 region",A,Annual,BSL,Baseline projections,TOTAL,Total,T,Total,PER,Person,PT16G,Viseu Dão Lafões (NUTS 2021),2085,,159252,,,,,
dataflow,ESTAT:PROJ_19RP3(1.0),"Population on 1st January by age, sex, type of projection and NUTS 3 region",A,Annual,BSL,Baseline projections,TOTAL,Total,T,Total,PER,Person,PT16G,Viseu Dão Lafões (NUTS 2021),2090,,155135,,,,,
dataflow,ESTAT:PROJ_19RP3(1.0),"Population on 1st January by age, sex, type of projection and NUTS 3 region",A,Annual,BSL,Baseline projections,TOTAL,Total,T,Total,PER,Person,PT16G,Viseu Dão Lafões (NUTS 2021),2095,,151475,,,,,
dataflow,ESTAT:PROJ_19RP3(1.0),"Population on 1st January by age, sex, type of projection and NUTS 3 region",A,Annual,BSL,Baseline projections,TOTAL,Total,T,Total,PER,Person,PT16G,Viseu Dão Lafões (NUTS 2021),2100,,148437,,,,,
dataflow,ESTAT:PROJ_19RP3(1.0),"Population on 1st January by age, sex, type of projection and NUTS 3 region",A,Annual,BSL,Baseline projections,TOTAL,Total,T,Total,PER,Person,PT16H,Beira Baixa (NUTS 2021),2019,,80782,,,,,
dataflow,ESTAT:PROJ_19RP3(1.0),"Population on 1st January by age, sex, type of projection and NUTS 3 region",A,Annual,BSL,Baseline projections,TOTAL,Total,T,Total,PER,Person,PT16H,Beira Baixa (NUTS 2021),2020,,80075,,,,,
dataflow,ESTAT:PROJ_19RP3(1.0),"Population on 1st January by age, sex, type of projection and NUTS 3 region",A,Annual,BSL,Baseline projections,TOTAL,Total,T,Total,PER,Person,PT16H,Beira Baixa (NUTS 2021),2025,,75985,,,,,
dataflow,ESTAT:PROJ_19RP3(1.0),"Population on 1st January by age, sex, type of projection and NUTS 3 region",A,Annual,BSL,Baseline projections,TOTAL,Total,T,Total,PER,Person,PT16H,Beira Baixa (NUTS 2021),2030,,72331,,,,,
dataflow,ESTAT:PROJ_19RP3(1.0),"Population on 1st January by age, sex, type of projection and NUTS 3 region",A,Annual,BSL,Baseline projections,TOTAL,Total,T,Total,PER,Person,PT16H,Beira Baixa (NUTS 2021),2035,,69214,,,,,
dataflow,ESTAT:PROJ_19RP3(1.0),"Population on 1st January by age, sex, type of projection and NUTS 3 region",A,Annual,BSL,Baseline projections,TOTAL,Total,T,Total,PER,Person,PT16H,Beira Baixa (NUTS 2021),2040,,66356,,,,,
dataflow,ESTAT:PROJ_19RP3(1.0),"Population on 1st January by age, sex, type of projection and NUTS 3 region",A,Annual,BSL,Baseline projections,TOTAL,Total,T,Total,PER,Person,PT16H,Beira Baixa (NUTS 2021),2045,,63513,,,,,
dataflow,ESTAT:PROJ_19RP3(1.0),"Population on 1st January by age, sex, type of projection and NUTS 3 region",A,Annual,BSL,Baseline projections,TOTAL,Total,T,Total,PER,Person,PT16H,Beira Baixa (NUTS 2021),2050,,60649,,,,,
dataflow,ESTAT:PROJ_19RP3(1.0),"Population on 1st January by age, sex, type of projection and NUTS 3 region",A,Annual,BSL,Baseline projections,TOTAL,Total,T,Total,PER,Person,PT16H,Beira Baixa (NUTS 2021),2055,,57862,,,,,
dataflow,ESTAT:PROJ_19RP3(1.0),"Population on 1st January by age, sex, type of projection and NUTS 3 region",A,Annual,BSL,Baseline projections,TOTAL,Total,T,Total,PER,Person,PT16H,Beira Baixa (NUTS 2021),2060,,55245,,,,,
dataflow,ESTAT:PROJ_19RP3(1.0),"Population on 1st January by age, sex, type of projection and NUTS 3 region",A,Annual,BSL,Baseline projections,TOTAL,Total,T,Total,PER,Person,PT16H,Beira Baixa (NUTS 2021),2065,,52794,,,,,
dataflow,ESTAT:PROJ_19RP3(1.0),"Population on 1st January by age, sex, type of projection and NUTS 3 region",A,Annual,BSL,Baseline projections,TOTAL,Total,T,Total,PER,Person,PT16H,Beira Baixa (NUTS 2021),2070,,50536,,,,,
dataflow,ESTAT:PROJ_19RP3(1.0),"Population on 1st January by age, sex, type of projection and NUTS 3 region",A,Annual,BSL,Baseline projections,TOTAL,Total,T,Total,PER,Person,PT16H,Beira Baixa (NUTS 2021),2075,,48535,,,,,
dataflow,ESTAT:PROJ_19RP3(1.0),"Population on 1st January by age, sex, type of projection and NUTS 3 region",A,Annual,BSL,Baseline projections,TOTAL,Total,T,Total,PER,Person,PT16H,Beira Baixa (NUTS 2021),2080,,46888,,,,,
dataflow,ESTAT:PROJ_19RP3(1.0),"Population on 1st January by age, sex, type of projection and NUTS 3 region",A,Annual,BSL,Baseline projections,TOTAL,Total,T,Total,PER,Person,PT16H,Beira Baixa (NUTS 2021),2085,,45591,,,,,
dataflow,ESTAT:PROJ_19RP3(1.0),"Population on 1st January by age, sex, type of projection and NUTS 3 region",A,Annual,BSL,Baseline projections,TOTAL,Total,T,Total,PER,Person,PT16H,Beira Baixa (NUTS 2021),2090,,44447,,,,,
dataflow,ESTAT:PROJ_19RP3(1.0),"Population on 1st January by age, sex, type of projection and NUTS 3 region",A,Annual,BSL,Baseline projections,TOTAL,Total,T,Total,PER,Person,PT16H,Beira Baixa (NUTS 2021),2095,,43445,,,,,
dataflow,ESTAT:PROJ_19RP3(1.0),"Population on 1st January by age, sex, type of projection and NUTS 3 region",A,Annual,BSL,Baseline projections,TOTAL,Total,T,Total,PER,Person,PT16H,Beira Baixa (NUTS 2021),2100,,42647,,,,,
dataflow,ESTAT:PROJ_19RP3(1.0),"Population on 1st January by age, sex, type of projection and NUTS 3 region",A,Annual,BSL,Baseline projections,TOTAL,Total,T,Total,PER,Person,PT16I,Médio Tejo (NUTS 2021),2019,,232849,,,,,
dataflow,ESTAT:PROJ_19RP3(1.0),"Population on 1st January by age, sex, type of projection and NUTS 3 region",A,Annual,BSL,Baseline projections,TOTAL,Total,T,Total,PER,Person,PT16I,Médio Tejo (NUTS 2021),2020,,231944,,,,,
dataflow,ESTAT:PROJ_19RP3(1.0),"Population on 1st January by age, sex, type of projection and NUTS 3 region",A,Annual,BSL,Baseline projections,TOTAL,Total,T,Total,PER,Person,PT16I,Médio Tejo (NUTS 2021),2025,,225320,,,,,
dataflow,ESTAT:PROJ_19RP3(1.0),"Population on 1st January by age, sex, type of projection and NUTS 3 region",A,Annual,BSL,Baseline projections,TOTAL,Total,T,Total,PER,Person,PT16I,Médio Tejo (NUTS 2021),2030,,218725,,,,,
dataflow,ESTAT:PROJ_19RP3(1.0),"Population on 1st January by age, sex, type of projection and NUTS 3 region",A,Annual,BSL,Baseline projections,TOTAL,Total,T,Total,PER,Person,PT16I,Médio Tejo (NUTS 2021),2035,,212812,,,,,
dataflow,ESTAT:PROJ_19RP3(1.0),"Population on 1st January by age, sex, type of projection and NUTS 3 region",A,Annual,BSL,Baseline projections,TOTAL,Total,T,Total,PER,Person,PT16I,Médio Tejo (NUTS 2021),2040,,206820,,,,,
dataflow,ESTAT:PROJ_19RP3(1.0),"Population on 1st January by age, sex, type of projection and NUTS 3 region",A,Annual,BSL,Baseline projections,TOTAL,Total,T,Total,PER,Person,PT16I,Médio Tejo (NUTS 2021),2045,,200160,,,,,
dataflow,ESTAT:PROJ_19RP3(1.0),"Population on 1st January by age, sex, type of projection and NUTS 3 region",A,Annual,BSL,Baseline projections,TOTAL,Total,T,Total,PER,Person,PT16I,Médio Tejo (NUTS 2021),2050,,192824,,,,,
dataflow,ESTAT:PROJ_19RP3(1.0),"Population on 1st January by age, sex, type of projection and NUTS 3 region",A,Annual,BSL,Baseline projections,TOTAL,Total,T,Total,PER,Person,PT16I,Médio Tejo (NUTS 2021),2055,,185151,,,,,
dataflow,ESTAT:PROJ_19RP3(1.0),"Population on 1st January by age, sex, type of projection and NUTS 3 region",A,Annual,BSL,Baseline projections,TOTAL,Total,T,Total,PER,Person,PT16I,Médio Tejo (NUTS 2021),2060,,177562,,,,,
dataflow,ESTAT:PROJ_19RP3(1.0),"Population on 1st January by age, sex, type of projection and NUTS 3 region",A,Annual,BSL,Baseline projections,TOTAL,Total,T,Total,PER,Person,PT16I,Médio Tejo (NUTS 2021),2065,,170516,,,,,
dataflow,ESTAT:PROJ_19RP3(1.0),"Population on 1st January by age, sex, type of projection and NUTS 3 region",A,Annual,BSL,Baseline projections,TOTAL,Total,T,Total,PER,Person,PT16I,Médio Tejo (NUTS 2021),2070,,164124,,,,,
dataflow,ESTAT:PROJ_19RP3(1.0),"Population on 1st January by age, sex, type of projection and NUTS 3 region",A,Annual,BSL,Baseline projections,TOTAL,Total,T,Total,PER,Person,PT16I,Médio Tejo (NUTS 2021),2075,,158463,,,,,
dataflow,ESTAT:PROJ_19RP3(1.0),"Population on 1st January by age, sex, type of projection and NUTS 3 region",A,Annual,BSL,Baseline projections,TOTAL,Total,T,Total,PER,Person,PT16I,Médio Tejo (NUTS 2021),2080,,153456,,,,,
dataflow,ESTAT:PROJ_19RP3(1.0),"Population on 1st January by age, sex, type of projection and NUTS 3 region",A,Annual,BSL,Baseline projections,TOTAL,Total,T,Total,PER,Person,PT16I,Médio Tejo (NUTS 2021),2085,,148931,,,,,
dataflow,ESTAT:PROJ_19RP3(1.0),"Population on 1st January by age, sex, type of projection and NUTS 3 region",A,Annual,BSL,Baseline projections,TOTAL,Total,T,Total,PER,Person,PT16I,Médio Tejo (NUTS 2021),2090,,144826,,,,,
dataflow,ESTAT:PROJ_19RP3(1.0),"Population on 1st January by age, sex, type of projection and NUTS 3 region",A,Annual,BSL,Baseline projections,TOTAL,Total,T,Total,PER,Person,PT16I,Médio Tejo (NUTS 2021),2095,,141115,,,,,
dataflow,ESTAT:PROJ_19RP3(1.0),"Population on 1st January by age, sex, type of projection and NUTS 3 region",A,Annual,BSL,Baseline projections,TOTAL,Total,T,Total,PER,Person,PT16I,Médio Tejo (NUTS 2021),2100,,137950,,,,,
dataflow,ESTAT:PROJ_19RP3(1.0),"Population on 1st January by age, sex, type of projection and NUTS 3 region",A,Annual,BSL,Baseline projections,TOTAL,Total,T,Total,PER,Person,PT16J,Beiras e Serra da Estrela (NUTS 2021),2019,,213326,,,,,
dataflow,ESTAT:PROJ_19RP3(1.0),"Population on 1st January by age, sex, type of projection and NUTS 3 region",A,Annual,BSL,Baseline projections,TOTAL,Total,T,Total,PER,Person,PT16J,Beiras e Serra da Estrela (NUTS 2021),2020,,211663,,,,,
dataflow,ESTAT:PROJ_19RP3(1.0),"Population on 1st January by age, sex, type of projection and NUTS 3 region",A,Annual,BSL,Baseline projections,TOTAL,Total,T,Total,PER,Person,PT16J,Beiras e Serra da Estrela (NUTS 2021),2025,,201208,,,,,
dataflow,ESTAT:PROJ_19RP3(1.0),"Population on 1st January by age, sex, type of projection and NUTS 3 region",A,Annual,BSL,Baseline projections,TOTAL,Total,T,Total,PER,Person,PT16J,Beiras e Serra da Estrela (NUTS 2021),2030,,190861,,,,,
dataflow,ESTAT:PROJ_19RP3(1.0),"Population on 1st January by age, sex, type of projection and NUTS 3 region",A,Annual,BSL,Baseline projections,TOTAL,Total,T,Total,PER,Person,PT16J,Beiras e Serra da Estrela (NUTS 2021),2035,,181488,,,,,
dataflow,ESTAT:PROJ_19RP3(1.0),"Population on 1st January by age, sex, type of projection and NUTS 3 region",A,Annual,BSL,Baseline projections,TOTAL,Total,T,Total,PER,Person,PT16J,Beiras e Serra da Estrela (NUTS 2021),2040,,172484,,,,,
dataflow,ESTAT:PROJ_19RP3(1.0),"Population on 1st January by age, sex, type of projection and NUTS 3 region",A,Annual,BSL,Baseline projections,TOTAL,Total,T,Total,PER,Person,PT16J,Beiras e Serra da Estrela (NUTS 2021),2045,,163346,,,,,
dataflow,ESTAT:PROJ_19RP3(1.0),"Population on 1st January by age, sex, type of projection and NUTS 3 region",A,Annual,BSL,Baseline projections,TOTAL,Total,T,Total,PER,Person,PT16J,Beiras e Serra da Estrela (NUTS 2021),2050,,154227,,,,,
dataflow,ESTAT:PROJ_19RP3(1.0),"Population on 1st January by age, sex, type of projection and NUTS 3 region",A,Annual,BSL,Baseline projections,TOTAL,Total,T,Total,PER,Person,PT16J,Beiras e Serra da Estrela (NUTS 2021),2055,,145559,,,,,
dataflow,ESTAT:PROJ_19RP3(1.0),"Population on 1st January by age, sex, type of projection and NUTS 3 region",A,Annual,BSL,Baseline projections,TOTAL,Total,T,Total,PER,Person,PT16J,Beiras e Serra da Estrela (NUTS 2021),2060,,137695,,,,,
dataflow,ESTAT:PROJ_19RP3(1.0),"Population on 1st January by age, sex, type of projection and NUTS 3 region",A,Annual,BSL,Baseline projections,TOTAL,Total,T,Total,PER,Person,PT16J,Beiras e Serra da Estrela (NUTS 2021),2065,,130704,,,,,
dataflow,ESTAT:PROJ_19RP3(1.0),"Population on 1st January by age, sex, type of projection and NUTS 3 region",A,Annual,BSL,Baseline projections,TOTAL,Total,T,Total,PER,Person,PT16J,Beiras e Serra da Estrela (NUTS 2021),2070,,124555,,,,,
dataflow,ESTAT:PROJ_19RP3(1.0),"Population on 1st January by age, sex, type of projection and NUTS 3 region",A,Annual,BSL,Baseline projections,TOTAL,Total,T,Total,PER,Person,PT16J,Beiras e Serra da Estrela (NUTS 2021),2075,,119258,,,,,
dataflow,ESTAT:PROJ_19RP3(1.0),"Population on 1st January by age, sex, type of projection and NUTS 3 region",A,Annual,BSL,Baseline projections,TOTAL,Total,T,Total,PER,Person,PT16J,Beiras e Serra da Estrela (NUTS 2021),2080,,114858,,,,,
dataflow,ESTAT:PROJ_19RP3(1.0),"Population on 1st January by age, sex, type of projection and NUTS 3 region",A,Annual,BSL,Baseline projections,TOTAL,Total,T,Total,PER,Person,PT16J,Beiras e Serra da Estrela (NUTS 2021),2085,,111128,,,,,
dataflow,ESTAT:PROJ_19RP3(1.0),"Population on 1st January by age, sex, type of projection and NUTS 3 region",A,Annual,BSL,Baseline projections,TOTAL,Total,T,Total,PER,Person,PT16J,Beiras e Serra da Estrela (NUTS 2021),2090,,107896,,,,,
dataflow,ESTAT:PROJ_19RP3(1.0),"Population on 1st January by age, sex, type of projection and NUTS 3 region",A,Annual,BSL,Baseline projections,TOTAL,Total,T,Total,PER,Person,PT16J,Beiras e Serra da Estrela (NUTS 2021),2095,,105109,,,,,
dataflow,ESTAT:PROJ_19RP3(1.0),"Population on 1st January by age, sex, type of projection and NUTS 3 region",A,Annual,BSL,Baseline projections,TOTAL,Total,T,Total,PER,Person,PT16J,Beiras e Serra da Estrela (NUTS 2021),2100,,102831,,,,,
dataflow,ESTAT:PROJ_19RP3(1.0),"Population on 1st January by age, sex, type of projection and NUTS 3 region",A,Annual,BSL,Baseline projections,TOTAL,Total,T,Total,PER,Person,PT170,Área Metropolitana de Lisboa (NUTS 2021),2019,,2846332,,,,,
dataflow,ESTAT:PROJ_19RP3(1.0),"Population on 1st January by age, sex, type of projection and NUTS 3 region",A,Annual,BSL,Baseline projections,TOTAL,Total,T,Total,PER,Person,PT170,Área Metropolitana de Lisboa (NUTS 2021),2020,,2868520,,,,,
dataflow,ESTAT:PROJ_19RP3(1.0),"Population on 1st January by age, sex, type of projection and NUTS 3 region",A,Annual,BSL,Baseline projections,TOTAL,Total,T,Total,PER,Person,PT170,Área Metropolitana de Lisboa (NUTS 2021),2025,,2926746,,,,,
dataflow,ESTAT:PROJ_19RP3(1.0),"Population on 1st January by age, sex, type of projection and NUTS 3 region",A,Annual,BSL,Baseline projections,TOTAL,Total,T,Total,PER,Person,PT170,Área Metropolitana de Lisboa (NUTS 2021),2030,,2956064,,,,,
dataflow,ESTAT:PROJ_19RP3(1.0),"Population on 1st January by age, sex, type of projection and NUTS 3 region",A,Annual,BSL,Baseline projections,TOTAL,Total,T,Total,PER,Person,PT170,Área Metropolitana de Lisboa (NUTS 2021),2035,,2978227,,,,,
dataflow,ESTAT:PROJ_19RP3(1.0),"Population on 1st January by age, sex, type of projection and NUTS 3 region",A,Annual,BSL,Baseline projections,TOTAL,Total,T,Total,PER,Person,PT170,Área Metropolitana de Lisboa (NUTS 2021),2040,,2995713,,,,,
dataflow,ESTAT:PROJ_19RP3(1.0),"Population on 1st January by age, sex, type of projection and NUTS 3 region",A,Annual,BSL,Baseline projections,TOTAL,Total,T,Total,PER,Person,PT170,Área Metropolitana de Lisboa (NUTS 2021),2045,,3009790,,,,,
dataflow,ESTAT:PROJ_19RP3(1.0),"Population on 1st January by age, sex, type of projection and NUTS 3 region",A,Annual,BSL,Baseline projections,TOTAL,Total,T,Total,PER,Person,PT170,Área Metropolitana de Lisboa (NUTS 2021),2050,,3020855,,,,,
dataflow,ESTAT:PROJ_19RP3(1.0),"Population on 1st January by age, sex, type of projection and NUTS 3 region",A,Annual,BSL,Baseline projections,TOTAL,Total,T,Total,PER,Person,PT170,Área Metropolitana de Lisboa (NUTS 2021),2055,,3027666,,,,,
dataflow,ESTAT:PROJ_19RP3(1.0),"Population on 1st January by age, sex, type of projection and NUTS 3 region",A,Annual,BSL,Baseline projections,TOTAL,Total,T,Total,PER,Person,PT170,Área Metropolitana de Lisboa (NUTS 2021),2060,,3029203,,,,,
dataflow,ESTAT:PROJ_19RP3(1.0),"Population on 1st January by age, sex, type of projection and NUTS 3 region",A,Annual,BSL,Baseline projections,TOTAL,Total,T,Total,PER,Person,PT170,Área Metropolitana de Lisboa (NUTS 2021),2065,,3027208,,,,,
dataflow,ESTAT:PROJ_19RP3(1.0),"Population on 1st January by age, sex, type of projection and NUTS 3 region",A,Annual,BSL,Baseline projections,TOTAL,Total,T,Total,PER,Person,PT170,Área Metropolitana de Lisboa (NUTS 2021),2070,,3026977,,,,,
dataflow,ESTAT:PROJ_19RP3(1.0),"Population on 1st January by age, sex, type of projection and NUTS 3 region",A,Annual,BSL,Baseline projections,TOTAL,Total,T,Total,PER,Person,PT170,Área Metropolitana de Lisboa (NUTS 2021),2075,,3037159,,,,,
dataflow,ESTAT:PROJ_19RP3(1.0),"Population on 1st January by age, sex, type of projection and NUTS 3 region",A,Annual,BSL,Baseline projections,TOTAL,Total,T,Total,PER,Person,PT170,Área Metropolitana de Lisboa (NUTS 2021),2080,,3062494,,,,,
dataflow,ESTAT:PROJ_19RP3(1.0),"Population on 1st January by age, sex, type of projection and NUTS 3 region",A,Annual,BSL,Baseline projections,TOTAL,Total,T,Total,PER,Person,PT170,Área Metropolitana de Lisboa (NUTS 2021),2085,,3099795,,,,,
dataflow,ESTAT:PROJ_19RP3(1.0),"Population on 1st January by age, sex, type of projection and NUTS 3 region",A,Annual,BSL,Baseline projections,TOTAL,Total,T,Total,PER,Person,PT170,Área Metropolitana de Lisboa (NUTS 2021),2090,,3142647,,,,,
dataflow,ESTAT:PROJ_19RP3(1.0),"Population on 1st January by age, sex, type of projection and NUTS 3 region",A,Annual,BSL,Baseline projections,TOTAL,Total,T,Total,PER,Person,PT170,Área Metropolitana de Lisboa (NUTS 2021),2095,,3187050,,,,,
dataflow,ESTAT:PROJ_19RP3(1.0),"Population on 1st January by age, sex, type of projection and NUTS 3 region",A,Annual,BSL,Baseline projections,TOTAL,Total,T,Total,PER,Person,PT170,Área Metropolitana de Lisboa (NUTS 2021),2100,,3232623,,,,,
dataflow,ESTAT:PROJ_19RP3(1.0),"Population on 1st January by age, sex, type of projection and NUTS 3 region",A,Annual,BSL,Baseline projections,TOTAL,Total,T,Total,PER,Person,PT181,Alentejo Litoral (NUTS 2021),2019,,93259,,,,,
dataflow,ESTAT:PROJ_19RP3(1.0),"Population on 1st January by age, sex, type of projection and NUTS 3 region",A,Annual,BSL,Baseline projections,TOTAL,Total,T,Total,PER,Person,PT181,Alentejo Litoral (NUTS 2021),2020,,93181,,,,,
dataflow,ESTAT:PROJ_19RP3(1.0),"Population on 1st January by age, sex, type of projection and NUTS 3 region",A,Annual,BSL,Baseline projections,TOTAL,Total,T,Total,PER,Person,PT181,Alentejo Litoral (NUTS 2021),2025,,91060,,,,,
dataflow,ESTAT:PROJ_19RP3(1.0),"Population on 1st January by age, sex, type of projection and NUTS 3 region",A,Annual,BSL,Baseline projections,TOTAL,Total,T,Total,PER,Person,PT181,Alentejo Litoral (NUTS 2021),2030,,88367,,,,,
dataflow,ESTAT:PROJ_19RP3(1.0),"Population on 1st January by age, sex, type of projection and NUTS 3 region",A,Annual,BSL,Baseline projections,TOTAL,Total,T,Total,PER,Person,PT181,Alentejo Litoral (NUTS 2021),2035,,85903,,,,,
dataflow,ESTAT:PROJ_19RP3(1.0),"Population on 1st January by age, sex, type of projection and NUTS 3 region",A,Annual,BSL,Baseline projections,TOTAL,Total,T,Total,PER,Person,PT181,Alentejo Litoral (NUTS 2021),2040,,83546,,,,,
dataflow,ESTAT:PROJ_19RP3(1.0),"Population on 1st January by age, sex, type of projection and NUTS 3 region",A,Annual,BSL,Baseline projections,TOTAL,Total,T,Total,PER,Person,PT181,Alentejo Litoral (NUTS 2021),2045,,81097,,,,,
dataflow,ESTAT:PROJ_19RP3(1.0),"Population on 1st January by age, sex, type of projection and NUTS 3 region",A,Annual,BSL,Baseline projections,TOTAL,Total,T,Total,PER,Person,PT181,Alentejo Litoral (NUTS 2021),2050,,78606,,,,,
dataflow,ESTAT:PROJ_19RP3(1.0),"Population on 1st January by age, sex, type of projection and NUTS 3 region",A,Annual,BSL,Baseline projections,TOTAL,Total,T,Total,PER,Person,PT181,Alentejo Litoral (NUTS 2021),2055,,76137,,,,,
dataflow,ESTAT:PROJ_19RP3(1.0),"Population on 1st January by age, sex, type of projection and NUTS 3 region",A,Annual,BSL,Baseline projections,TOTAL,Total,T,Total,PER,Person,PT181,Alentejo Litoral (NUTS 2021),2060,,73919,,,,,
dataflow,ESTAT:PROJ_19RP3(1.0),"Population on 1st January by age, sex, type of projection and NUTS 3 region",A,Annual,BSL,Baseline projections,TOTAL,Total,T,Total,PER,Person,PT181,Alentejo Litoral (NUTS 2021),2065,,71934,,,,,
dataflow,ESTAT:PROJ_19RP3(1.0),"Population on 1st January by age, sex, type of projection and NUTS 3 region",A,Annual,BSL,Baseline projections,TOTAL,Total,T,Total,PER,Person,PT181,Alentejo Litoral (NUTS 2021),2070,,70166,,,,,
dataflow,ESTAT:PROJ_19RP3(1.0),"Population on 1st January by age, sex, type of projection and NUTS 3 region",A,Annual,BSL,Baseline projections,TOTAL,Total,T,Total,PER,Person,PT181,Alentejo Litoral (NUTS 2021),2075,,68679,,,,,
dataflow,ESTAT:PROJ_19RP3(1.0),"Population on 1st January by age, sex, type of projection and NUTS 3 region",A,Annual,BSL,Baseline projections,TOTAL,Total,T,Total,PER,Person,PT181,Alentejo Litoral (NUTS 2021),2080,,67681,,,,,
dataflow,ESTAT:PROJ_19RP3(1.0),"Population on 1st January by age, sex, type of projection and NUTS 3 region",A,Annual,BSL,Baseline projections,TOTAL,Total,T,Total,PER,Person,PT181,Alentejo Litoral (NUTS 2021),2085,,67153,,,,,
dataflow,ESTAT:PROJ_19RP3(1.0),"Population on 1st January by age, sex, type of projection and NUTS 3 region",A,Annual,BSL,Baseline projections,TOTAL,Total,T,Total,PER,Person,PT181,Alentejo Litoral (NUTS 2021),2090,,66939,,,,,
dataflow,ESTAT:PROJ_19RP3(1.0),"Population on 1st January by age, sex, type of projection and NUTS 3 region",A,Annual,BSL,Baseline projections,TOTAL,Total,T,Total,PER,Person,PT181,Alentejo Litoral (NUTS 2021),2095,,66947,,,,,
dataflow,ESTAT:PROJ_19RP3(1.0),"Population on 1st January by age, sex, type of projection and NUTS 3 region",A,Annual,BSL,Baseline projections,TOTAL,Total,T,Total,PER,Person,PT181,Alentejo Litoral (NUTS 2021),2100,,67124,,,,,
dataflow,ESTAT:PROJ_19RP3(1.0),"Population on 1st January by age, sex, type of projection and NUTS 3 region",A,Annual,BSL,Baseline projections,TOTAL,Total,T,Total,PER,Person,PT184,Baixo Alentejo (NUTS 2021),2019,,116557,,,,,
dataflow,ESTAT:PROJ_19RP3(1.0),"Population on 1st January by age, sex, type of projection and NUTS 3 region",A,Annual,BSL,Baseline projections,TOTAL,Total,T,Total,PER,Person,PT184,Baixo Alentejo (NUTS 2021),2020,,115559,,,,,
dataflow,ESTAT:PROJ_19RP3(1.0),"Population on 1st January by age, sex, type of projection and NUTS 3 region",A,Annual,BSL,Baseline projections,TOTAL,Total,T,Total,PER,Person,PT184,Baixo Alentejo (NUTS 2021),2025,,110100,,,,,
dataflow,ESTAT:PROJ_19RP3(1.0),"Population on 1st January by age, sex, type of projection and NUTS 3 region",A,Annual,BSL,Baseline projections,TOTAL,Total,T,Total,PER,Person,PT184,Baixo Alentejo (NUTS 2021),2030,,105170,,,,,
dataflow,ESTAT:PROJ_19RP3(1.0),"Population on 1st January by age, sex, type of projection and NUTS 3 region",A,Annual,BSL,Baseline projections,TOTAL,Total,T,Total,PER,Person,PT184,Baixo Alentejo (NUTS 2021),2035,,100932,,,,,
dataflow,ESTAT:PROJ_19RP3(1.0),"Population on 1st January by age, sex, type of projection and NUTS 3 region",A,Annual,BSL,Baseline projections,TOTAL,Total,T,Total,PER,Person,PT184,Baixo Alentejo (NUTS 2021),2040,,97048,,,,,
dataflow,ESTAT:PROJ_19RP3(1.0),"Population on 1st January by age, sex, type of projection and NUTS 3 region",A,Annual,BSL,Baseline projections,TOTAL,Total,T,Total,PER,Person,PT184,Baixo Alentejo (NUTS 2021),2045,,93251,,,,,
dataflow,ESTAT:PROJ_19RP3(1.0),"Population on 1st January by age, sex, type of projection and NUTS 3 region",A,Annual,BSL,Baseline projections,TOTAL,Total,T,Total,PER,Person,PT184,Baixo Alentejo (NUTS 2021),2050,,89470,,,,,
dataflow,ESTAT:PROJ_19RP3(1.0),"Population on 1st January by age, sex, type of projection and NUTS 3 region",A,Annual,BSL,Baseline projections,TOTAL,Total,T,Total,PER,Person,PT184,Baixo Alentejo (NUTS 2021),2055,,85857,,,,,
dataflow,ESTAT:PROJ_19RP3(1.0),"Population on 1st January by age, sex, type of projection and NUTS 3 region",A,Annual,BSL,Baseline projections,TOTAL,Total,T,Total,PER,Person,PT184,Baixo Alentejo (NUTS 2021),2060,,82489,,,,,
dataflow,ESTAT:PROJ_19RP3(1.0),"Population on 1st January by age, sex, type of projection and NUTS 3 region",A,Annual,BSL,Baseline projections,TOTAL,Total,T,Total,PER,Person,PT184,Baixo Alentejo (NUTS 2021),2065,,79448,,,,,
dataflow,ESTAT:PROJ_19RP3(1.0),"Population on 1st January by age, sex, type of projection and NUTS 3 region",A,Annual,BSL,Baseline projections,TOTAL,Total,T,Total,PER,Person,PT184,Baixo Alentejo (NUTS 2021),2070,,76792,,,,,
dataflow,ESTAT:PROJ_19RP3(1.0),"Population on 1st January by age, sex, type of projection and NUTS 3 region",A,Annual,BSL,Baseline projections,TOTAL,Total,T,Total,PER,Person,PT184,Baixo Alentejo (NUTS 2021),2075,,74656,,,,,
dataflow,ESTAT:PROJ_19RP3(1.0),"Population on 1st January by age, sex, type of projection and NUTS 3 region",A,Annual,BSL,Baseline projections,TOTAL,Total,T,Total,PER,Person,PT184,Baixo Alentejo (NUTS 2021),2080,,73065,,,,,
dataflow,ESTAT:PROJ_19RP3(1.0),"Population on 1st January by age, sex, type of projection and NUTS 3 region",A,Annual,BSL,Baseline projections,TOTAL,Total,T,Total,PER,Person,PT184,Baixo Alentejo (NUTS 2021),2085,,71904,,,,,
dataflow,ESTAT:PROJ_19RP3(1.0),"Population on 1st January by age, sex, type of projection and NUTS 3 region",A,Annual,BSL,Baseline projections,TOTAL,Total,T,Total,PER,Person,PT184,Baixo Alentejo (NUTS 2021),2090,,71115,,,,,
dataflow,ESTAT:PROJ_19RP3(1.0),"Population on 1st January by age, sex, type of projection and NUTS 3 region",A,Annual,BSL,Baseline projections,TOTAL,Total,T,Total,PER,Person,PT184,Baixo Alentejo (NUTS 2021),2095,,70588,,,,,
dataflow,ESTAT:PROJ_19RP3(1.0),"Population on 1st January by age, sex, type of projection and NUTS 3 region",A,Annual,BSL,Baseline projections,TOTAL,Total,T,Total,PER,Person,PT184,Baixo Alentejo (NUTS 2021),2100,,70201,,,,,
dataflow,ESTAT:PROJ_19RP3(1.0),"Population on 1st January by age, sex, type of projection and NUTS 3 region",A,Annual,BSL,Baseline projections,TOTAL,Total,T,Total,PER,Person,PT185,Lezíria do Tejo (NUTS 2021),2019,,237318,,,,,
dataflow,ESTAT:PROJ_19RP3(1.0),"Population on 1st January by age, sex, type of projection and NUTS 3 region",A,Annual,BSL,Baseline projections,TOTAL,Total,T,Total,PER,Person,PT185,Lezíria do Tejo (NUTS 2021),2020,,236451,,,,,
dataflow,ESTAT:PROJ_19RP3(1.0),"Population on 1st January by age, sex, type of projection and NUTS 3 region",A,Annual,BSL,Baseline projections,TOTAL,Total,T,Total,PER,Person,PT185,Lezíria do Tejo (NUTS 2021),2025,,229408,,,,,
dataflow,ESTAT:PROJ_19RP3(1.0),"Population on 1st January by age, sex, type of projection and NUTS 3 region",A,Annual,BSL,Baseline projections,TOTAL,Total,T,Total,PER,Person,PT185,Lezíria do Tejo (NUTS 2021),2030,,221828,,,,,
dataflow,ESTAT:PROJ_19RP3(1.0),"Population on 1st January by age, sex, type of projection and NUTS 3 region",A,Annual,BSL,Baseline projections,TOTAL,Total,T,Total,PER,Person,PT185,Lezíria do Tejo (NUTS 2021),2035,,214936,,,,,
dataflow,ESTAT:PROJ_19RP3(1.0),"Population on 1st January by age, sex, type of projection and NUTS 3 region",A,Annual,BSL,Baseline projections,TOTAL,Total,T,Total,PER,Person,PT185,Lezíria do Tejo (NUTS 2021),2040,,208234,,,,,
dataflow,ESTAT:PROJ_19RP3(1.0),"Population on 1st January by age, sex, type of projection and NUTS 3 region",A,Annual,BSL,Baseline projections,TOTAL,Total,T,Total,PER,Person,PT185,Lezíria do Tejo (NUTS 2021),2045,,201330,,,,,
dataflow,ESTAT:PROJ_19RP3(1.0),"Population on 1st January by age, sex, type of projection and NUTS 3 region",A,Annual,BSL,Baseline projections,TOTAL,Total,T,Total,PER,Person,PT185,Lezíria do Tejo (NUTS 2021),2050,,194010,,,,,
dataflow,ESTAT:PROJ_19RP3(1.0),"Population on 1st January by age, sex, type of projection and NUTS 3 region",A,Annual,BSL,Baseline projections,TOTAL,Total,T,Total,PER,Person,PT185,Lezíria do Tejo (NUTS 2021),2055,,186555,,,,,
dataflow,ESTAT:PROJ_19RP3(1.0),"Population on 1st January by age, sex, type of projection and NUTS 3 region",A,Annual,BSL,Baseline projections,TOTAL,Total,T,Total,PER,Person,PT185,Lezíria do Tejo (NUTS 2021),2060,,179296,,,,,
dataflow,ESTAT:PROJ_19RP3(1.0),"Population on 1st January by age, sex, type of projection and NUTS 3 region",A,Annual,BSL,Baseline projections,TOTAL,Total,T,Total,PER,Person,PT185,Lezíria do Tejo (NUTS 2021),2065,,172453,,,,,
dataflow,ESTAT:PROJ_19RP3(1.0),"Population on 1st January by age, sex, type of projection and NUTS 3 region",A,Annual,BSL,Baseline projections,TOTAL,Total,T,Total,PER,Person,PT185,Lezíria do Tejo (NUTS 2021),2070,,166178,,,,,
dataflow,ESTAT:PROJ_19RP3(1.0),"Population on 1st January by age, sex, type of projection and NUTS 3 region",A,Annual,BSL,Baseline projections,TOTAL,Total,T,Total,PER,Person,PT185,Lezíria do Tejo (NUTS 2021),2075,,160764,,,,,
dataflow,ESTAT:PROJ_19RP3(1.0),"Population on 1st January by age, sex, type of projection and NUTS 3 region",A,Annual,BSL,Baseline projections,TOTAL,Total,T,Total,PER,Person,PT185,Lezíria do Tejo (NUTS 2021),2080,,156460,,,,,
dataflow,ESTAT:PROJ_19RP3(1.0),"Population on 1st January by age, sex, type of projection and NUTS 3 region",A,Annual,BSL,Baseline projections,TOTAL,Total,T,Total,PER,Person,PT185,Lezíria do Tejo (NUTS 2021),2085,,153214,,,,,
dataflow,ESTAT:PROJ_19RP3(1.0),"Population on 1st January by age, sex, type of projection and NUTS 3 region",A,Annual,BSL,Baseline projections,TOTAL,Total,T,Total,PER,Person,PT185,Lezíria do Tejo (NUTS 2021),2090,,150481,,,,,
dataflow,ESTAT:PROJ_19RP3(1.0),"Population on 1st January by age, sex, type of projection and NUTS 3 region",A,Annual,BSL,Baseline projections,TOTAL,Total,T,Total,PER,Person,PT185,Lezíria do Tejo (NUTS 2021),2095,,148016,,,,,
dataflow,ESTAT:PROJ_19RP3(1.0),"Population on 1st January by age, sex, type of projection and NUTS 3 region",A,Annual,BSL,Baseline projections,TOTAL,Total,T,Total,PER,Person,PT185,Lezíria do Tejo (NUTS 2021),2100,,145923,,,,,
dataflow,ESTAT:PROJ_19RP3(1.0),"Population on 1st January by age, sex, type of projection and NUTS 3 region",A,Annual,BSL,Baseline projections,TOTAL,Total,T,Total,PER,Person,PT186,Alto Alentejo (NUTS 2021),2019,,105479,,,,,
dataflow,ESTAT:PROJ_19RP3(1.0),"Population on 1st January by age, sex, type of projection and NUTS 3 region",A,Annual,BSL,Baseline projections,TOTAL,Total,T,Total,PER,Person,PT186,Alto Alentejo (NUTS 2021),2020,,104106,,,,,
dataflow,ESTAT:PROJ_19RP3(1.0),"Population on 1st January by age, sex, type of projection and NUTS 3 region",A,Annual,BSL,Baseline projections,TOTAL,Total,T,Total,PER,Person,PT186,Alto Alentejo (NUTS 2021),2025,,97129,,,,,
dataflow,ESTAT:PROJ_19RP3(1.0),"Population on 1st January by age, sex, type of projection and NUTS 3 region",A,Annual,BSL,Baseline projections,TOTAL,Total,T,Total,PER,Person,PT186,Alto Alentejo (NUTS 2021),2030,,91222,,,,,
dataflow,ESTAT:PROJ_19RP3(1.0),"Population on 1st January by age, sex, type of projection and NUTS 3 region",A,Annual,BSL,Baseline projections,TOTAL,Total,T,Total,PER,Person,PT186,Alto Alentejo (NUTS 2021),2035,,86264,,,,,
dataflow,ESTAT:PROJ_19RP3(1.0),"Population on 1st January by age, sex, type of projection and NUTS 3 region",A,Annual,BSL,Baseline projections,TOTAL,Total,T,Total,PER,Person,PT186,Alto Alentejo (NUTS 2021),2040,,81667,,,,,
dataflow,ESTAT:PROJ_19RP3(1.0),"Population on 1st January by age, sex, type of projection and NUTS 3 region",A,Annual,BSL,Baseline projections,TOTAL,Total,T,Total,PER,Person,PT186,Alto Alentejo (NUTS 2021),2045,,77084,,,,,
dataflow,ESTAT:PROJ_19RP3(1.0),"Population on 1st January by age, sex, type of projection and NUTS 3 region",A,Annual,BSL,Baseline projections,TOTAL,Total,T,Total,PER,Person,PT186,Alto Alentejo (NUTS 2021),2050,,72579,,,,,
dataflow,ESTAT:PROJ_19RP3(1.0),"Population on 1st January by age, sex, type of projection and NUTS 3 region",A,Annual,BSL,Baseline projections,TOTAL,Total,T,Total,PER,Person,PT186,Alto Alentejo (NUTS 2021),2055,,68264,,,,,
dataflow,ESTAT:PROJ_19RP3(1.0),"Population on 1st January by age, sex, type of projection and NUTS 3 region",A,Annual,BSL,Baseline projections,TOTAL,Total,T,Total,PER,Person,PT186,Alto Alentejo (NUTS 2021),2060,,64301,,,,,
dataflow,ESTAT:PROJ_19RP3(1.0),"Population on 1st January by age, sex, type of projection and NUTS 3 region",A,Annual,BSL,Baseline projections,TOTAL,Total,T,Total,PER,Person,PT186,Alto Alentejo (NUTS 2021),2065,,60707,,,,,
dataflow,ESTAT:PROJ_19RP3(1.0),"Population on 1st January by age, sex, type of projection and NUTS 3 region",A,Annual,BSL,Baseline projections,TOTAL,Total,T,Total,PER,Person,PT186,Alto Alentejo (NUTS 2021),2070,,57509,,,,,
dataflow,ESTAT:PROJ_19RP3(1.0),"Population on 1st January by age, sex, type of projection and NUTS 3 region",A,Annual,BSL,Baseline projections,TOTAL,Total,T,Total,PER,Person,PT186,Alto Alentejo (NUTS 2021),2075,,54875,,,,,
dataflow,ESTAT:PROJ_19RP3(1.0),"Population on 1st January by age, sex, type of projection and NUTS 3 region",A,Annual,BSL,Baseline projections,TOTAL,Total,T,Total,PER,Person,PT186,Alto Alentejo (NUTS 2021),2080,,52876,,,,,
dataflow,ESTAT:PROJ_19RP3(1.0),"Population on 1st January by age, sex, type of projection and NUTS 3 region",A,Annual,BSL,Baseline projections,TOTAL,Total,T,Total,PER,Person,PT186,Alto Alentejo (NUTS 2021),2085,,51395,,,,,
dataflow,ESTAT:PROJ_19RP3(1.0),"Population on 1st January by age, sex, type of projection and NUTS 3 region",A,Annual,BSL,Baseline projections,TOTAL,Total,T,Total,PER,Person,PT186,Alto Alentejo (NUTS 2021),2090,,50229,,,,,
dataflow,ESTAT:PROJ_19RP3(1.0),"Population on 1st January by age, sex, type of projection and NUTS 3 region",A,Annual,BSL,Baseline projections,TOTAL,Total,T,Total,PER,Person,PT186,Alto Alentejo (NUTS 2021),2095,,49282,,,,,
dataflow,ESTAT:PROJ_19RP3(1.0),"Population on 1st January by age, sex, type of projection and NUTS 3 region",A,Annual,BSL,Baseline projections,TOTAL,Total,T,Total,PER,Person,PT186,Alto Alentejo (NUTS 2021),2100,,48587,,,,,
dataflow,ESTAT:PROJ_19RP3(1.0),"Population on 1st January by age, sex, type of projection and NUTS 3 region",A,Annual,BSL,Baseline projections,TOTAL,Total,T,Total,PER,Person,PT187,Alentejo Central (NUTS 2021),2019,,152865,,,,,
dataflow,ESTAT:PROJ_19RP3(1.0),"Population on 1st January by age, sex, type of projection and NUTS 3 region",A,Annual,BSL,Baseline projections,TOTAL,Total,T,Total,PER,Person,PT187,Alentejo Central (NUTS 2021),2020,,151385,,,,,
dataflow,ESTAT:PROJ_19RP3(1.0),"Population on 1st January by age, sex, type of projection and NUTS 3 region",A,Annual,BSL,Baseline projections,TOTAL,Total,T,Total,PER,Person,PT187,Alentejo Central (NUTS 2021),2025,,143288,,,,,
dataflow,ESTAT:PROJ_19RP3(1.0),"Population on 1st January by age, sex, type of projection and NUTS 3 region",A,Annual,BSL,Baseline projections,TOTAL,Total,T,Total,PER,Person,PT187,Alentejo Central (NUTS 2021),2030,,135636,,,,,
dataflow,ESTAT:PROJ_19RP3(1.0),"Population on 1st January by age, sex, type of projection and NUTS 3 region",A,Annual,BSL,Baseline projections,TOTAL,Total,T,Total,PER,Person,PT187,Alentejo Central (NUTS 2021),2035,,128744,,,,,
dataflow,ESTAT:PROJ_19RP3(1.0),"Population on 1st January by age, sex, type of projection and NUTS 3 region",A,Annual,BSL,Baseline projections,TOTAL,Total,T,Total,PER,Person,PT187,Alentejo Central (NUTS 2021),2040,,122280,,,,,
dataflow,ESTAT:PROJ_19RP3(1.0),"Population on 1st January by age, sex, type of projection and NUTS 3 region",A,Annual,BSL,Baseline projections,TOTAL,Total,T,Total,PER,Person,PT187,Alentejo Central (NUTS 2021),2045,,115913,,,,,
dataflow,ESTAT:PROJ_19RP3(1.0),"Population on 1st January by age, sex, type of projection and NUTS 3 region",A,Annual,BSL,Baseline projections,TOTAL,Total,T,Total,PER,Person,PT187,Alentejo Central (NUTS 2021),2050,,109647,,,,,
dataflow,ESTAT:PROJ_19RP3(1.0),"Population on 1st January by age, sex, type of projection and NUTS 3 region",A,Annual,BSL,Baseline projections,TOTAL,Total,T,Total,PER,Person,PT187,Alentejo Central (NUTS 2021),2055,,103535,,,,,
dataflow,ESTAT:PROJ_19RP3(1.0),"Population on 1st January by age, sex, type of projection and NUTS 3 region",A,Annual,BSL,Baseline projections,TOTAL,Total,T,Total,PER,Person,PT187,Alentejo Central (NUTS 2021),2060,,97735,,,,,
dataflow,ESTAT:PROJ_19RP3(1.0),"Population on 1st January by age, sex, type of projection and NUTS 3 region",A,Annual,BSL,Baseline projections,TOTAL,Total,T,Total,PER,Person,PT187,Alentejo Central (NUTS 2021),2065,,92363,,,,,
dataflow,ESTAT:PROJ_19RP3(1.0),"Population on 1st January by age, sex, type of projection and NUTS 3 region",A,Annual,BSL,Baseline projections,TOTAL,Total,T,Total,PER,Person,PT187,Alentejo Central (NUTS 2021),2070,,87571,,,,,
dataflow,ESTAT:PROJ_19RP3(1.0),"Population on 1st January by age, sex, type of projection and NUTS 3 region",A,Annual,BSL,Baseline projections,TOTAL,Total,T,Total,PER,Person,PT187,Alentejo Central (NUTS 2021),2075,,83552,,,,,
dataflow,ESTAT:PROJ_19RP3(1.0),"Population on 1st January by age, sex, type of projection and NUTS 3 region",A,Annual,BSL,Baseline projections,TOTAL,Total,T,Total,PER,Person,PT187,Alentejo Central (NUTS 2021),2080,,80434,,,,,
dataflow,ESTAT:PROJ_19RP3(1.0),"Population on 1st January by age, sex, type of projection and NUTS 3 region",A,Annual,BSL,Baseline projections,TOTAL,Total,T,Total,PER,Person,PT187,Alentejo Central (NUTS 2021),2085,,78108,,,,,
dataflow,ESTAT:PROJ_19RP3(1.0),"Population on 1st January by age, sex, type of projection and NUTS 3 region",A,Annual,BSL,Baseline projections,TOTAL,Total,T,Total,PER,Person,PT187,Alentejo Central (NUTS 2021),2090,,76366,,,,,
dataflow,ESTAT:PROJ_19RP3(1.0),"Population on 1st January by age, sex, type of projection and NUTS 3 region",A,Annual,BSL,Baseline projections,TOTAL,Total,T,Total,PER,Person,PT187,Alentejo Central (NUTS 2021),2095,,74908,,,,,
dataflow,ESTAT:PROJ_19RP3(1.0),"Population on 1st January by age, sex, type of projection and NUTS 3 region",A,Annual,BSL,Baseline projections,TOTAL,Total,T,Total,PER,Person,PT187,Alentejo Central (NUTS 2021),2100,,73714,,,,,
dataflow,ESTAT:PROJ_19RP3(1.0),"Population on 1st January by age, sex, type of projection and NUTS 3 region",A,Annual,BSL,Baseline projections,TOTAL,Total,T,Total,PER,Person,PT200,Região Autónoma dos Açores,2019,,242846,,,,,
dataflow,ESTAT:PROJ_19RP3(1.0),"Population on 1st January by age, sex, type of projection and NUTS 3 region",A,Annual,BSL,Baseline projections,TOTAL,Total,T,Total,PER,Person,PT200,Região Autónoma dos Açores,2020,,242704,,,,,
dataflow,ESTAT:PROJ_19RP3(1.0),"Population on 1st January by age, sex, type of projection and NUTS 3 region",A,Annual,BSL,Baseline projections,TOTAL,Total,T,Total,PER,Person,PT200,Região Autónoma dos Açores,2025,,240072,,,,,
dataflow,ESTAT:PROJ_19RP3(1.0),"Population on 1st January by age, sex, type of projection and NUTS 3 region",A,Annual,BSL,Baseline projections,TOTAL,Total,T,Total,PER,Person,PT200,Região Autónoma dos Açores,2030,,236522,,,,,
dataflow,ESTAT:PROJ_19RP3(1.0),"Population on 1st January by age, sex, type of projection and NUTS 3 region",A,Annual,BSL,Baseline projections,TOTAL,Total,T,Total,PER,Person,PT200,Região Autónoma dos Açores,2035,,232392,,,,,
dataflow,ESTAT:PROJ_19RP3(1.0),"Population on 1st January by age, sex, type of projection and NUTS 3 region",A,Annual,BSL,Baseline projections,TOTAL,Total,T,Total,PER,Person,PT200,Região Autónoma dos Açores,2040,,227414,,,,,
dataflow,ESTAT:PROJ_19RP3(1.0),"Population on 1st January by age, sex, type of projection and NUTS 3 region",A,Annual,BSL,Baseline projections,TOTAL,Total,T,Total,PER,Person,PT200,Região Autónoma dos Açores,2045,,221482,,,,,
dataflow,ESTAT:PROJ_19RP3(1.0),"Population on 1st January by age, sex, type of projection and NUTS 3 region",A,Annual,BSL,Baseline projections,TOTAL,Total,T,Total,PER,Person,PT200,Região Autónoma dos Açores,2050,,214674,,,,,
dataflow,ESTAT:PROJ_19RP3(1.0),"Population on 1st January by age, sex, type of projection and NUTS 3 region",A,Annual,BSL,Baseline projections,TOTAL,Total,T,Total,PER,Person,PT200,Região Autónoma dos Açores,2055,,207387,,,,,
dataflow,ESTAT:PROJ_19RP3(1.0),"Population on 1st January by age, sex, type of projection and NUTS 3 region",A,Annual,BSL,Baseline projections,TOTAL,Total,T,Total,PER,Person,PT200,Região Autónoma dos Açores,2060,,199985,,,,,
dataflow,ESTAT:PROJ_19RP3(1.0),"Population on 1st January by age, sex, type of projection and NUTS 3 region",A,Annual,BSL,Baseline projections,TOTAL,Total,T,Total,PER,Person,PT200,Região Autónoma dos Açores,2065,,192582,,,,,
dataflow,ESTAT:PROJ_19RP3(1.0),"Population on 1st January by age, sex, type of projection and NUTS 3 region",A,Annual,BSL,Baseline projections,TOTAL,Total,T,Total,PER,Person,PT200,Região Autónoma dos Açores,2070,,185161,,,,,
dataflow,ESTAT:PROJ_19RP3(1.0),"Population on 1st January by age, sex, type of projection and NUTS 3 region",A,Annual,BSL,Baseline projections,TOTAL,Total,T,Total,PER,Person,PT200,Região Autónoma dos Açores,2075,,177972,,,,,
dataflow,ESTAT:PROJ_19RP3(1.0),"Population on 1st January by age, sex, type of projection and NUTS 3 region",A,Annual,BSL,Baseline projections,TOTAL,Total,T,Total,PER,Person,PT200,Região Autónoma dos Açores,2080,,171482,,,,,
dataflow,ESTAT:PROJ_19RP3(1.0),"Population on 1st January by age, sex, type of projection and NUTS 3 region",A,Annual,BSL,Baseline projections,TOTAL,Total,T,Total,PER,Person,PT200,Região Autónoma dos Açores,2085,,165729,,,,,
dataflow,ESTAT:PROJ_19RP3(1.0),"Population on 1st January by age, sex, type of projection and NUTS 3 region",A,Annual,BSL,Baseline projections,TOTAL,Total,T,Total,PER,Person,PT200,Região Autónoma dos Açores,2090,,160676,,,,,
dataflow,ESTAT:PROJ_19RP3(1.0),"Population on 1st January by age, sex, type of projection and NUTS 3 region",A,Annual,BSL,Baseline projections,TOTAL,Total,T,Total,PER,Person,PT200,Região Autónoma dos Açores,2095,,156288,,,,,
dataflow,ESTAT:PROJ_19RP3(1.0),"Population on 1st January by age, sex, type of projection and NUTS 3 region",A,Annual,BSL,Baseline projections,TOTAL,Total,T,Total,PER,Person,PT200,Região Autónoma dos Açores,2100,,152550,,,,,
dataflow,ESTAT:PROJ_19RP3(1.0),"Population on 1st January by age, sex, type of projection and NUTS 3 region",A,Annual,BSL,Baseline projections,TOTAL,Total,T,Total,PER,Person,PT300,Região Autónoma da Madeira,2019,,253945,,,,,
dataflow,ESTAT:PROJ_19RP3(1.0),"Population on 1st January by age, sex, type of projection and NUTS 3 region",A,Annual,BSL,Baseline projections,TOTAL,Total,T,Total,PER,Person,PT300,Região Autónoma da Madeira,2020,,253742,,,,,
dataflow,ESTAT:PROJ_19RP3(1.0),"Population on 1st January by age, sex, type of projection and NUTS 3 region",A,Annual,BSL,Baseline projections,TOTAL,Total,T,Total,PER,Person,PT300,Região Autónoma da Madeira,2025,,249503,,,,,
dataflow,ESTAT:PROJ_19RP3(1.0),"Population on 1st January by age, sex, type of projection and NUTS 3 region",A,Annual,BSL,Baseline projections,TOTAL,Total,T,Total,PER,Person,PT300,Região Autónoma da Madeira,2030,,244249,,,,,
dataflow,ESTAT:PROJ_19RP3(1.0),"Population on 1st January by age, sex, type of projection and NUTS 3 region",A,Annual,BSL,Baseline projections,TOTAL,Total,T,Total,PER,Person,PT300,Região Autónoma da Madeira,2035,,239056,,,,,
dataflow,ESTAT:PROJ_19RP3(1.0),"Population on 1st January by age, sex, type of projection and NUTS 3 region",A,Annual,BSL,Baseline projections,TOTAL,Total,T,Total,PER,Person,PT300,Região Autónoma da Madeira,2040,,233166,,,,,
dataflow,ESTAT:PROJ_19RP3(1.0),"Population on 1st January by age, sex, type of projection and NUTS 3 region",A,Annual,BSL,Baseline projections,TOTAL,Total,T,Total,PER,Person,PT300,Região Autónoma da Madeira,2045,,225948,,,,,
dataflow,ESTAT:PROJ_19RP3(1.0),"Population on 1st January by age, sex, type of projection and NUTS 3 region",A,Annual,BSL,Baseline projections,TOTAL,Total,T,Total,PER,Person,PT300,Região Autónoma da Madeira,2050,,217539,,,,,
dataflow,ESTAT:PROJ_19RP3(1.0),"Population on 1st January by age, sex, type of projection and NUTS 3 region",A,Annual,BSL,Baseline projections,TOTAL,Total,T,Total,PER,Person,PT300,Região Autónoma da Madeira,2055,,208470,,,,,
dataflow,ESTAT:PROJ_19RP3(1.0),"Population on 1st January by age, sex, type of projection and NUTS 3 region",A,Annual,BSL,Baseline projections,TOTAL,Total,T,Total,PER,Person,PT300,Região Autónoma da Madeira,2060,,199431,,,,,
dataflow,ESTAT:PROJ_19RP3(1.0),"Population on 1st January by age, sex, type of projection and NUTS 3 region",A,Annual,BSL,Baseline projections,TOTAL,Total,T,Total,PER,Person,PT300,Região Autónoma da Madeira,2065,,190824,,,,,
dataflow,ESTAT:PROJ_19RP3(1.0),"Population on 1st January by age, sex, type of projection and NUTS 3 region",A,Annual,BSL,Baseline projections,TOTAL,Total,T,Total,PER,Person,PT300,Região Autónoma da Madeira,2070,,182949,,,,,
dataflow,ESTAT:PROJ_19RP3(1.0),"Population on 1st January by age, sex, type of projection and NUTS 3 region",A,Annual,BSL,Baseline projections,TOTAL,Total,T,Total,PER,Person,PT300,Região Autónoma da Madeira,2075,,175877,,,,,
dataflow,ESTAT:PROJ_19RP3(1.0),"Population on 1st January by age, sex, type of projection and NUTS 3 region",A,Annual,BSL,Baseline projections,TOTAL,Total,T,Total,PER,Person,PT300,Região Autónoma da Madeira,2080,,169703,,,,,
dataflow,ESTAT:PROJ_19RP3(1.0),"Population on 1st January by age, sex, type of projection and NUTS 3 region",A,Annual,BSL,Baseline projections,TOTAL,Total,T,Total,PER,Person,PT300,Região Autónoma da Madeira,2085,,164244,,,,,
dataflow,ESTAT:PROJ_19RP3(1.0),"Population on 1st January by age, sex, type of projection and NUTS 3 region",A,Annual,BSL,Baseline projections,TOTAL,Total,T,Total,PER,Person,PT300,Região Autónoma da Madeira,2090,,159329,,,,,
dataflow,ESTAT:PROJ_19RP3(1.0),"Population on 1st January by age, sex, type of projection and NUTS 3 region",A,Annual,BSL,Baseline projections,TOTAL,Total,T,Total,PER,Person,PT300,Região Autónoma da Madeira,2095,,154919,,,,,
dataflow,ESTAT:PROJ_19RP3(1.0),"Population on 1st January by age, sex, type of projection and NUTS 3 region",A,Annual,BSL,Baseline projections,TOTAL,Total,T,Total,PER,Person,PT300,Região Autónoma da Madeira,2100,,151245,,,,,
